tree
version=v4
num_class=1
num_tree_per_iteration=1
label_index=0
max_feature_idx=21
objective=binary sigmoid:1
feature_names=age sex trestbps chol fbs thalach exang oldpeak ca weight smoking diabetes AgeGroup cp_1 cp_2 cp_3 restecg_1 restecg_2 slope_1 slope_2 thal_2.0 thal_3.0
feature_infos=[28:77] [0:1] [108:184] [120:401] [0:1] [90:210] [0:1] [0:4.7999999999999998] [0:3] [40:118.8] [0:1] [0:1] [0:2] [0:1] [0:1] [0:1] none [0:1] [0:1] [0:1] [0:1] [0:1]
tree_sizes=2795 2832 3043 3149 3042 3044 2848 3160 2847 3044 3240 3041 3157 3265 3156 3059 3147 3159 3258 3164 3075 3071 3057 3362 3292 3184 3148 3058 2972 3254 2970 3047 3149 3174 3157 3395 3395 2975 3187 3074 3386 3279 3189 3398 3374 2838 3161 3072 3267 3258 3390 3067 3072 3279 3091 3177 3401 3188 3064 2976 3389 3181 3075 3397 3191 3399 3080 3398 2984 3297 3069 3201 3404 3082 2983 3298 3404 2980 3181 3302 3408 3410 3181 3417 3309 3188 3086 3429 3096 3205 3413 3312 3288 3085 3405 3334 3294 3218 3111 3183

Tree=0
num_leaves=26
num_cat=0
split_feature=7 6 5 7 5 5 2 6 0 7 9 15 5 5 3 18 7 3 10 11 3 17 2 0 2
split_gain=134.455 57.0058 37.1621 16.0137 12.1377 8.8417 6.45542 6.2972 6.74879 5.51557 4.64266 4.45952 4.16876 3.92078 6.08218 3.82418 3.17378 2.65735 2.65465 1.05997 1.16184 1.19209 0.783461 0.552993 7.10543e-15
threshold=0.45000000000000007 1.0000000180025095e-35 164.50000000000003 0.15000000000000005 180.50000000000003 180.50000000000003 150.50000000000003 1.0000000180025095e-35 52.500000000000007 0.8500000000000002 78.15000000000002 1.0000000180025095e-35 180.50000000000003 146.50000000000003 248.50000000000003 1.0000000180025095e-35 0.75000000000000011 200.50000000000003 1.0000000180025095e-35 1.0000000180025095e-35 286.50000000000006 1.0000000180025095e-35 156.50000000000003 54.500000000000007 141.50000000000003
decision_type=2 2 2 2 2 2 2 2 2 2 2 2 2 2 2 2 2 2 2 2 2 2 2 2 2
left_child=3 2 6 23 7 10 13 8 -5 -8 15 -10 17 14 -2 -4 -7 -3 -15 20 21 -19 -11 24 -1
right_child=1 12 5 4 -6 16 9 -9 11 22 -12 -13 -14 18 -16 -17 -18 19 -20 -21 -22 -23 -24 -25 -26
leaf_value=-0.068477070066538942 0.1421869561851061 0.23315551297558923 0.14135429204972411 0.1390980408441729 -0.037540394882731032 -0.037540394882731032 0.19006514396957089 0.1790163314039252 -0.03754039488273106 0.27885741949712384 0.18891606746274375 0.082339221454525088 0.22786371327309576 0.10895386113471288 0.28729469454725326 0.02804535650694201 0.054410278580253948 0.2615141318940799 0.19964078152646389 0.33369970732296539 0.33369970732296539 0.31761263622738517 0.33369970732296528 -0.034962338617413713 -0.068477070066539053
leaf_weight=5.967525243759157 5.2215845882892626 4.9729377031326285 5.7188783586025256 7.7080534398555818 9.6972285211086255 6.4648190140724173 6.9621127843856838 6.4648190140724173 6.4648190140724164 5.4702314734458906 6.2161721289157859 5.9675252437591553 9.4485816359519941 8.4539940953254682 6.4648190140724182 6.2161721289157867 8.9512878656387311 9.6972285211086291 5.22158458828926 13.178284913301466 6.4648190140724173 6.2161721289157859 4.9729377031326294 8.9512878656387311 4.9729377031326294
leaf_count=24 21 20 23 31 39 26 28 26 26 22 25 24 38 34 26 25 36 39 21 53 26 25 20 36 20
internal_value=0.147405 0.204655 0.150297 0.0187205 0.0582362 0.07154 0.212111 0.0931454 0.0655819 0.25901 0.118838 0.0200018 0.287679 0.179926 0.222459 0.0823392 0.0158503 0.301624 0.14358 0.3112 0.297951 0.283428 0.304973 -0.0533954 -0.0684771
internal_weight=182.507 126.313 76.3346 56.1942 36.3024 33.5673 42.7673 26.6052 20.1404 17.4053 18.1512 12.4323 49.978 25.362 11.6864 11.9351 15.4161 40.5294 13.6756 35.5565 22.3782 15.9134 10.4432 19.8918 10.9405
internal_count=734 508 307 226 146 135 172 107 81 70 73 50 201 102 47 48 62 163 55 143 90 64 42 80 44
is_linear=0
shrinkage=1


Tree=1
num_leaves=26
num_cat=0
split_feature=7 6 5 7 5 5 2 6 0 7 9 8 7 11 5 5 17 7 8 9 2 20 9 0 5
split_gain=108.95 47.2191 30.175 12.8465 9.73611 7.09288 5.35465 5.07769 5.42207 4.64686 3.75145 3.68006 3.64747 3.56839 4.03172 3.33553 5.59395 2.55235 1.9505 4.33848 0.680305 0.466344 0.134519 0.00187328 0.00136832
threshold=0.45000000000000007 1.0000000180025095e-35 164.50000000000003 0.15000000000000005 180.50000000000003 180.50000000000003 150.50000000000003 1.0000000180025095e-35 52.500000000000007 0.8500000000000002 78.15000000000002 1.0000000180025095e-35 1.0500000000000003 1.0000000180025095e-35 180.50000000000003 140.50000000000003 1.0000000180025095e-35 0.75000000000000011 1.0000000180025095e-35 76.250000000000014 156.50000000000003 1.0000000180025095e-35 87.500000000000014 53.500000000000007 157.50000000000003
decision_type=2 2 2 2 2 2 2 2 2 2 2 2 2 2 2 2 2 2 2 2 2 2 2 2 2
left_child=3 2 6 21 7 10 15 8 -5 -8 12 -10 -4 14 18 -2 -17 -7 19 -3 -11 23 24 -1 -15
right_child=1 13 5 4 -6 17 9 -9 11 20 -12 -13 -14 22 -16 16 -18 -19 -20 -21 -22 -23 -24 -25 -26
leaf_value=-0.19338148432552604 0.082114066865227042 0.04862991881865375 -0.0076052130978983227 -0.0074718359291774039 -0.16553547974232805 -0.16553547974232805 0.038539320393000065 0.028527208202512391 -0.069780959414287927 0.12005204950937383 0.03749696429183548 -0.18058876376581834 -0.11839513714682424 0.17194686092964659 0.044551706484267262 -0.047219568222930941 0.067691679843026917 -0.083279070515748788 0.16415896182132156 0.15301893942799227 0.1716268786509898 -0.16414040791195766 0.15311827499789571 -0.19608713131460784 0.17415798545404573
leaf_weight=5.2438504099845886 8.1395172178745288 7.1033949702978196 6.4855713099241274 7.7126330733299318 9.7465654313564283 6.4977102875709525 6.9371601939201382 6.4482005834579459 7.4916598498821241 5.3944486975669843 6.1945654451847068 4.9958923757076263 5.4845724403858185 5.8394841849803942 7.4034829437732688 9.4380284547805804 7.6865656077861777 8.9933422207832319 9.5402046591043455 9.0584211796522123 4.8633489012718201 9.7426919639110565 4.8811258673667899 4.9978229701519012 5.3746913969516754
leaf_count=21 33 29 26 31 39 26 28 26 30 22 25 20 22 24 30 38 31 36 39 37 20 39 20 20 22
internal_value=6.2933e-05 0.0520026 0.00265025 -0.115385 -0.0800127 -0.0680701 0.0587077 -0.048733 -0.0733956 0.101754 -0.0256758 -0.114112 -0.0583678 0.128352 0.109574 0.0294103 0.00435963 -0.117781 0.128303 0.107138 0.144504 -0.179803 0.166975 -0.194702 0.173007
internal_weight=181.695 125.316 76.1148 56.3793 36.395 33.6558 42.4591 26.6484 20.2002 17.195 18.1647 12.4876 11.9701 49.2008 33.1055 25.2641 17.1246 15.4911 25.702 16.1618 10.2578 19.9844 16.0953 10.2417 11.2142
internal_count=734 508 307 226 146 135 172 107 81 70 73 50 48 201 135 102 69 62 105 66 42 80 66 41 46
is_linear=0
shrinkage=0.1


Tree=2
num_leaves=28
num_cat=0
split_feature=7 6 5 7 5 5 15 2 7 17 5 11 5 2 5 3 10 7 19 8 9 3 2 0 3 5 20
split_gain=89.2079 39.542 24.6147 10.7392 8.0843 5.7904 5.04637 4.50156 4.00398 3.43853 3.64753 3.17173 3.46301 2.77847 2.74993 4.97848 2.21 2.14557 1.99441 1.71609 3.73459 0.864171 0.620853 0.468655 0.133356 0.00167147 0.00143299
threshold=0.45000000000000007 1.0000000180025095e-35 164.50000000000003 0.15000000000000005 167.50000000000003 180.50000000000003 1.0000000180025095e-35 150.50000000000003 0.8500000000000002 1.0000000180025095e-35 171.50000000000003 1.0000000180025095e-35 180.50000000000003 145.50000000000003 146.50000000000003 248.50000000000003 1.0000000180025095e-35 0.75000000000000011 1.0000000180025095e-35 1.0000000180025095e-35 76.250000000000014 250.50000000000003 156.50000000000003 54.500000000000007 237.50000000000003 160.50000000000003 1.0000000180025095e-35
decision_type=2 2 2 2 2 2 2 2 2 2 2 2 2 2 2 2 2 2 2 2 2 2 2 2 2 2 2
left_child=3 2 7 23 6 9 -5 14 -9 10 -4 12 19 18 15 -2 -16 -7 -6 20 -3 -8 -10 26 -13 -26 -1
right_child=1 11 5 4 13 17 21 8 22 -11 -12 24 -14 -15 16 -17 -18 -19 -20 -21 -22 -23 -24 -25 25 -27 -28
leaf_value=-0.1769360076762635 -0.0097835571835947505 0.044111176798053937 -0.10855900458149735 -0.081162467833494401 -0.10893617793523298 -0.15053407056408968 0.05108508780607595 0.034832601257257838 0.11036082185633514 0.043184042961703147 -0.0011296704137428134 0.14199160640345426 0.040331445308128044 -0.065307666888333574 -0.035234281020531631 0.12244743761333594 0.047616236088452932 -0.074906705421997774 -0.19257597509166427 0.15254197402444217 0.14175538637229165 -0.0078345912295901005 0.1603308561954204 -0.14701288972728654 0.16072544200247202 0.16324926200886489 -0.17924566328888628
leaf_weight=5.8980482518672961 5.1976789385080355 7.0507870614528683 5.9700301289558428 9.1780243664979935 5.6984357535839099 6.4334433674812308 4.9794758260250092 6.9093357920646694 5.2868727445602399 5.4666946530342093 6.7157125473022461 4.9601415693759909 7.3625591397285453 5.7060630768537512 8.4646730720996839 6.2964880764484406 5.1958847194910041 8.9981251358985883 5.7053520679473877 9.2544325888156873 8.8127733767032606 4.9777675122022629 4.6939152479171753 8.8970149606466276 5.8766210079193097 4.7412460297346115 4.9329668283462524
leaf_count=24 21 29 24 37 23 26 20 28 22 22 27 21 30 23 34 26 21 36 23 39 37 20 20 36 25 20 20
internal_value=0.000101487 0.0475041 0.00243196 -0.104647 -0.0723315 -0.0614008 -0.0276731 0.0534194 0.0933512 -0.0231161 -0.0516869 0.118433 0.100642 -0.122276 0.0266073 0.0626524 -0.00372153 -0.106436 -0.150781 0.11832 0.098356 0.0216303 0.133861 -0.164019 0.155529 0.161852 -0.177988
internal_weight=179.661 123.687 75.6289 55.9731 36.2451 33.584 19.1353 42.0448 16.8901 18.1524 12.6857 48.0586 32.4806 17.1099 25.1547 11.4942 13.6606 15.4316 11.4038 25.118 15.8636 9.95724 9.98079 19.728 15.578 10.6179 10.831
internal_count=734 508 307 226 146 135 77 172 70 73 51 201 135 69 102 47 55 62 46 105 66 40 42 80 66 45 44
is_linear=0
shrinkage=0.1


Tree=3
num_leaves=29
num_cat=0
split_feature=7 6 5 7 5 5 9 0 0 5 3 2 2 18 9 18 11 5 18 7 3 9 17 0 3 0 5 20
split_gain=73.4735 33.3965 20.1531 9.31652 7.24499 4.79309 4.27053 4.37644 4.25892 6.50066 3.9259 4.32537 4.01301 3.70576 3.02261 3.00315 2.89779 3.02613 2.33777 1.86007 1.65932 1.99678 0.830422 0.429086 0.161886 0.136203 0.000970278 0.000828115
threshold=0.45000000000000007 1.0000000180025095e-35 164.50000000000003 0.15000000000000005 180.50000000000003 180.50000000000003 67.450000000000017 55.500000000000007 54.500000000000007 153.50000000000003 276.50000000000006 146.50000000000003 153.50000000000003 1.0000000180025095e-35 78.15000000000002 1.0000000180025095e-35 1.0000000180025095e-35 180.50000000000003 1.0000000180025095e-35 0.75000000000000011 286.50000000000006 76.250000000000014 1.0000000180025095e-35 54.500000000000007 243.50000000000003 57.500000000000007 157.50000000000003 1.0000000180025095e-35
decision_type=2 2 2 2 2 2 2 2 2 2 2 2 2 2 2 2 2 2 2 2 2 2 2 2 2 2 2 2
left_child=3 2 6 23 8 14 7 -2 13 -10 11 18 -13 -5 15 -4 17 20 -8 -7 21 -3 -12 27 -23 26 -18 -1
right_child=1 16 5 4 -6 19 10 -9 9 -11 22 12 -14 -15 -16 -17 25 -19 -20 -21 -22 24 -24 -25 -26 -27 -28 -29
leaf_value=-0.16445956213716262 0.057303972476630188 0.059643325765202426 0.0021105867580190774 -0.046285986604756815 -0.14049893564656923 -0.13847374228822282 -0.046430288379705642 -0.077163336759917767 0.001347735665650259 -0.13206471954470753 0.089548508263725846 0.15217239749174169 0.030935663052519626 0.066525505313378849 0.035991414031682219 -0.098171725477889923 0.15182312729845504 0.036523155871471279 0.046580895969817376 -0.0675911782033317 0.15573485865306527 0.13752889845584307 0.14715092549162201 -0.13526146540356379 0.11187104036426883 0.13237825334563585 0.15378136845189744 -0.16624149157125545
leaf_weight=5.7197913229465502 4.8806415796279889 8.5550967901945203 5.7319124191999453 6.2283920943737048 9.4853106886148435 6.3009705245494834 5.677269667387014 4.8016085475683212 6.4497466832399359 8.4205985963344556 5.0122053921222669 5.0703214406967145 5.9157278388738632 5.4684147536754608 6.1788571476936331 6.2342296838760376 4.7211097925901395 7.3195539414882651 5.1568821966648102 8.9758123755454999 5.9540048241615287 5.300043582916258 4.9988100379705429 8.7122167497873289 4.5875055193901062 4.760017290711402 5.4524819999933243 4.7938147187232971
leaf_count=24 20 36 23 25 39 26 23 20 26 34 21 21 25 22 25 25 21 30 21 36 26 23 21 36 20 21 24 20
internal_value=0.000134487 0.0435939 0.00224228 -0.0954548 -0.0654753 -0.055555 0.0487739 -0.00938088 -0.0386895 -0.0741994 0.0664631 0.0426754 0.0868893 0.00645491 -0.0208069 -0.0501354 0.110018 0.0929163 -0.00215846 -0.096827 0.109836 0.0950174 0.118311 -0.151673 0.125624 0.14634 0.152873 -0.165272
internal_weight=176.863 121.585 74.9352 55.2783 36.0525 33.4218 41.5135 9.68225 26.5672 14.8703 31.8312 21.8202 10.986 11.6968 18.145 11.9661 46.6498 31.7162 10.8342 15.2768 24.3967 18.4426 10.011 19.2258 9.88755 14.9336 10.1736 10.5136
internal_count=734 508 307 226 146 135 172 40 107 60 132 90 46 47 73 48 201 135 44 62 105 79 42 80 43 66 45 44
is_linear=0
shrinkage=0.1


Tree=4
num_leaves=28
num_cat=0
split_feature=7 6 5 6 7 2 10 19 2 9 5 0 15 0 2 2 3 5 7 2 5 11 1 9 0 9 3
split_gain=60.8672 28.3831 16.6017 8.4526 6.72915 5.34003 5.35749 4.56763 5.37085 5.32941 3.73757 4.98601 3.31902 3.21719 2.94709 8.20853 2.83068 2.35833 1.99654 1.57711 1.28775 1.08775 1.74599 1.51272 0.011947 0.000702082 2.67168e-05
threshold=0.45000000000000007 1.0000000180025095e-35 165.50000000000003 1.0000000180025095e-35 0.15000000000000005 146.50000000000003 1.0000000180025095e-35 1.0000000180025095e-35 138.50000000000003 67.450000000000017 178.50000000000003 52.500000000000007 1.0000000180025095e-35 49.500000000000007 143.50000000000003 150.50000000000003 200.50000000000003 186.50000000000003 0.95000000000000007 139.50000000000003 178.50000000000003 1.0000000180025095e-35 1.0000000180025095e-35 81.050000000000011 54.500000000000007 83.750000000000014 237.50000000000003
decision_type=2 2 2 2 2 2 2 2 2 2 2 2 2 2 2 2 2 2 2 2 2 2 2 2 2 2 2
left_child=3 2 7 4 24 13 -7 9 -9 -2 11 -6 -13 -4 -11 -16 -3 21 -10 -5 -15 22 -18 -24 26 -23 -1
right_child=1 16 5 19 10 6 -8 8 18 14 -12 12 -14 20 15 -17 17 -19 -20 -21 -22 25 23 -25 -26 -27 -28
leaf_value=-0.15545695395856995 -0.073054833165038066 0.037271613011179421 -0.038831483299945867 -0.045375340935291927 0.013584247524268102 -0.07008588207009675 0.058246400319344228 -0.0026045970801455934 0.074439512246247258 0.10118389491062288 -0.13078375554908092 -0.14142017213297373 -0.036298386138619403 -0.088830240745543354 -0.088953182476990522 0.078636471072633191 0.14458099660655982 0.048283132754073851 0.14993112576702938 0.034228700546300006 -0.15863234482584732 0.14463259336941878 0.045475009811438656 0.11345618705337356 -0.16076073330535634 0.1461668746055623 -0.15511557978166657
leaf_weight=4.589191138744356 5.5807891488075283 5.7740542590618125 7.572534114122397 4.841463699936865 7.223274499177939 6.3800643235445005 6.6371675580739975 5.9068106710910824 7.2199079245328885 5.3297814875841167 8.7928324341773969 6.3245502263307554 5.7197258621454239 5.2131069749593717 4.8491262197494489 7.3563357442617416 8.2271185666322708 5.0263411402702323 6.805606484413147 5.1216487437486649 5.3609007447957993 7.4663573205471021 5.4574524611234674 8.1786651462316495 7.0524760484695426 4.9663037806749344 4.5810927003622055
leaf_count=20 23 25 31 20 29 26 27 24 30 22 37 26 23 21 20 32 36 21 29 21 22 35 24 37 30 23 20
internal_value=0.000151409 0.0400836 0.00206222 -0.0876748 -0.106398 -0.0535271 -0.0046524 0.0423047 0.0773835 0.0120572 -0.0767585 -0.0521038 -0.0914987 -0.0885869 0.0391451 0.0120545 0.102653 0.112253 0.11107 -0.004454 -0.124219 0.121629 0.108199 0.0862487 -0.157666 0.145245 -0.155286
internal_weight=173.555 119.308 74.2121 54.2463 44.2831 31.1638 13.0172 43.0484 19.9323 23.116 28.0604 19.2676 12.0443 18.1465 17.5352 12.2055 45.0963 39.3222 14.0255 9.96311 10.574 34.2959 21.8632 13.6361 16.2228 12.4327 9.17028
internal_count=734 508 307 226 185 127 53 180 83 97 115 78 49 74 74 52 201 176 59 41 43 155 97 61 70 58 40
is_linear=0
shrinkage=0.1


Tree=5
num_leaves=28
num_cat=0
split_feature=7 6 5 7 5 2 10 19 2 9 6 0 8 0 11 5 2 2 7 9 9 5 0 3 9 20 2
split_gain=50.6283 24.1896 13.6082 7.45394 5.57684 4.40066 4.3489 3.80959 4.65726 4.32334 3.61729 3.40793 2.96061 2.68883 2.65039 2.58091 2.4392 6.70288 1.92996 1.7415 4.95429 1.16662 0.431528 0.390266 0.153516 0.00102697 0.000750504
threshold=0.45000000000000007 1.0000000180025095e-35 165.50000000000003 0.15000000000000005 180.50000000000003 146.50000000000003 1.0000000180025095e-35 1.0000000180025095e-35 143.50000000000003 67.450000000000017 1.0000000180025095e-35 52.500000000000007 1.0000000180025095e-35 49.500000000000007 1.0000000180025095e-35 180.50000000000003 143.50000000000003 150.50000000000003 0.95000000000000007 68.850000000000009 76.050000000000011 178.50000000000003 54.500000000000007 270.50000000000006 87.500000000000014 1.0000000180025095e-35 143.50000000000003
decision_type=2 2 2 2 2 2 2 2 2 2 2 2 2 2 2 2 2 2 2 2 2 2 2 2 2 2 2
left_child=3 2 7 22 10 13 -7 9 -9 -2 11 -5 -13 -4 15 19 -11 -18 -10 -3 -21 -15 25 -22 26 -1 -16
right_child=1 14 5 4 -6 6 -8 8 18 16 -12 12 -14 21 24 -17 17 -19 -20 20 23 -23 -24 -25 -26 -27 -28
leaf_value=-0.14705579567082086 -0.065160705419782416 0.1505245048092099 -0.035102931306366318 -0.00024792295772812118 -0.12241811693213733 -0.063336439109795806 0.052382380470497952 0.015589604008420799 0.071351034765747098 0.092697237546555428 0.034051075670649029 -0.045423397397322839 -0.14663729748082949 -0.080014289326173577 0.14074025176777402 0.027201267262385004 -0.079254974462546798 0.072417026357138939 0.15500962812293581 0.0087752309540963958 0.10507986204878497 -0.14691700969168695 -0.1167487964630803 0.14213800027054832 0.11674762490988431 -0.14912804439642496 0.1389407572878483
leaf_weight=5.2210634797811526 5.6284057646989849 4.6490102857351365 7.5408857017755571 7.7144564539194169 8.9533506333827955 6.3551997393369657 6.6418004631996155 8.5408623069524783 5.4161674529314023 5.2406101375818279 6.4449793249368659 7.3363777101039869 4.7684564143419266 5.2087906152009946 5.1199261099100095 7.1890424340963355 4.8954816907644254 7.1977718770503998 5.6178269982337952 6.1344773024320629 7.4868866652250272 5.2167925834655762 8.1570799946784955 4.5803658813238144 4.1144889742135993 4.4128173589706421 4.2345639616250992
leaf_count=24 23 21 31 31 39 26 27 35 23 22 26 30 20 21 25 30 20 32 25 27 35 22 36 22 20 20 21
internal_value=0.000160183 0.0368894 0.00190721 -0.0809147 -0.0542621 -0.0485257 -0.00420115 0.0386181 0.0710307 0.0109871 -0.0310281 -0.052191 -0.0852946 -0.0805902 0.0959859 0.0794592 0.0357128 0.0110185 0.113945 0.0959 0.0819481 -0.113491 -0.133674 0.119146 0.132845 -0.148005 0.139926
internal_weight=170.018 117.009 73.5006 53.0086 35.2176 30.9635 12.997 42.5371 19.5749 22.9623 26.2643 19.8193 12.1048 17.9665 43.5088 30.0398 17.3339 12.0933 11.034 22.8507 18.2017 10.4256 17.791 12.0673 13.469 9.63388 9.35449
internal_count=734 508 307 226 146 127 53 180 83 97 107 81 50 74 201 135 74 52 48 105 84 43 80 57 66 44 46
is_linear=0
shrinkage=0.1


Tree=6
num_leaves=26
num_cat=0
split_feature=7 6 5 7 5 2 11 19 7 5 19 0 5 7 2 11 5 0 15 7 3 20 9 0 5
split_gain=42.2719 20.7123 11.7595 6.73135 4.84388 4.66241 5.05382 4.70161 5.5083 4.60715 3.34304 4.69937 4.65845 3.29742 3.38667 2.53117 2.38791 2.25901 2.12675 1.77175 1.36423 0.455758 0.152818 0.00387476 0.000533214
threshold=0.45000000000000007 1.0000000180025095e-35 180.50000000000003 0.15000000000000005 180.50000000000003 149.50000000000003 1.0000000180025095e-35 1.0000000180025095e-35 0.95000000000000007 160.50000000000003 1.0000000180025095e-35 52.500000000000007 156.50000000000003 0.75000000000000011 155.50000000000003 1.0000000180025095e-35 160.50000000000003 57.500000000000007 1.0000000180025095e-35 0.75000000000000011 262.50000000000006 1.0000000180025095e-35 87.500000000000014 53.500000000000007 157.50000000000003
decision_type=2 2 2 2 2 2 2 2 2 2 2 2 2 2 2 2 2 2 2 2 2 2 2 2 2
left_child=3 2 5 21 10 7 13 9 -9 17 11 -5 -12 -7 -15 16 20 -2 -18 -4 -3 23 24 -1 -17
right_child=1 15 19 4 -6 6 -8 8 -10 -11 12 -13 -14 14 -16 22 18 -19 -20 -21 -22 -23 -24 -25 -26
leaf_value=-0.14066530075334979 0.052192067391842491 0.076307951480115419 -0.12067083178342082 0.08353803815006168 -0.11468689399614523 -0.026141020305325825 0.13974328974993019 -0.027809533074554707 0.08920725065748801 -0.091834643376093095 0.0050697944690316424 -0.03790628415038659 -0.12010754906342397 0.012879727953385456 0.12507358386008458 0.13396909008563815 0.012254791509921434 -0.040296330863563642 0.089441394170187039 -0.049755111770688726 0.13824784028939127 -0.10998242871954041 0.11094731495033586 -0.14491383316858189 0.13552911315512012
leaf_weight=4.314636304974556 5.5635306388139742 8.4046962708234805 5.8915786743164054 4.9444339871406564 8.6186670809984189 6.4640566855669084 5.5919381231069556 7.1274743080139187 9.2348939925432187 8.11864025890827 5.1972131431102753 8.9608307480812055 6.9466811865568161 5.8943537771701795 4.9499413073062897 4.5358652919530851 8.3450427204370481 5.0270627737045288 6.2381942570209494 8.7632866352796537 6.1636028438806525 8.3646495640277863 3.9074303656816474 4.2722778171300888 4.238179013133049
leaf_count=21 23 39 26 20 39 27 25 29 39 33 21 37 29 26 22 24 37 21 28 36 31 39 20 20 22
internal_value=0.000171855 0.0340522 0.00176737 -0.0749538 -0.0497023 0.0219989 0.0570946 -0.000917115 0.0382345 -0.0351576 -0.0282014 0.00527689 -0.0665355 0.0303927 0.0640913 0.0901023 0.0738784 0.00829037 0.0452725 -0.0782648 0.102514 -0.126596 0.127397 -0.142779 0.134723
internal_weight=166.079 114.46 72.6268 51.6194 34.6678 57.9719 22.9003 35.0716 16.3624 18.7092 26.0492 13.9053 12.1439 17.3084 10.8443 41.833 29.1515 10.5906 14.5832 14.6549 14.5683 16.9516 12.6815 8.58691 8.77404
internal_count=734 508 307 226 146 245 100 145 68 77 107 57 50 75 48 201 135 44 65 62 70 80 66 41 46
is_linear=0
shrinkage=0.1


Tree=7
num_leaves=29
num_cat=0
split_feature=7 6 5 6 7 2 11 19 7 5 17 10 7 2 3 5 5 0 5 0 19 3 3 11 7 0 9 3
split_gain=35.3435 17.7384 9.73147 6.21571 5.56717 3.8736 4.41688 3.83673 4.54671 3.77104 3.5977 3.47119 2.72464 2.90602 2.51657 2.05534 1.95452 1.83609 1.71475 1.24646 1.23171 0.787593 1.51317 1.60862 0.788525 0.00717728 0.00296584 4.16535e-05
threshold=0.45000000000000007 1.0000000180025095e-35 180.50000000000003 1.0000000180025095e-35 0.15000000000000005 149.50000000000003 1.0000000180025095e-35 1.0000000180025095e-35 0.95000000000000007 160.50000000000003 1.0000000180025095e-35 1.0000000180025095e-35 0.75000000000000011 155.50000000000003 200.50000000000003 180.50000000000003 164.50000000000003 57.500000000000007 192.50000000000003 54.500000000000007 1.0000000180025095e-35 236.50000000000003 286.50000000000006 1.0000000180025095e-35 1.1500000000000001 54.500000000000007 77.850000000000009 237.50000000000003
decision_type=2 2 2 2 2 2 2 2 2 2 2 2 2 2 2 2 2 2 2 2 2 2 2 2 2 2 2 2
left_child=3 2 5 4 25 7 12 9 -9 17 11 19 -7 -14 -3 21 -12 -2 -4 -6 -5 -16 23 24 -23 27 -24 -1
right_child=1 14 18 20 10 6 -8 8 -10 -11 16 -13 13 -15 15 -17 -18 -19 -20 -21 -22 22 26 -25 -26 -27 -28 -29
leaf_value=-0.13617420204494254 0.047352849891866555 0.021351869866927053 -0.10740223389424385 0.036950097301670717 -0.031567845332945363 -0.023427086542816535 0.13171548475452133 -0.024959692272178105 0.081647786649862428 -0.083326098274447619 -0.055772208532562068 0.037841765788940225 0.011629496894967367 0.1165811639543257 0.1383223867940182 0.047766098732122814 -0.14099909244378794 -0.03606787466551848 -0.038271750913084095 -0.10105981048315203 -0.034524484278282266 0.080588120129287955 0.13451313983809346 0.12966615681368035 0.02162775275666989 -0.1405145787614803 0.13063547881929297 -0.13571132835467026
leaf_weight=3.8999730348587018 5.5211579352617282 5.438385695219039 7.003291651606558 5.0062907040119153 5.8412014842033368 6.4901291728019777 5.3519063144922248 7.1460844278335598 9.0886400043964368 8.0560356080532056 4.7658231407403946 5.1756895780563363 5.8762243539094907 4.7879281491041183 6.2537915408611324 7.4049937427043906 6.1802904456853867 5.053276389837265 7.3577253967523575 4.6246796548366547 4.6509854644536972 5.03448334336281 3.9439561665058127 4.0558530241250983 4.1282389014959335 6.1523995697498322 3.9458762258291245 3.8766452521085739
leaf_count=20 23 25 30 21 25 27 25 29 39 33 20 22 26 22 32 33 28 21 32 20 20 25 21 23 20 30 22 20
internal_value=0.000176529 0.0314372 0.00163453 -0.0695658 -0.0867495 0.0200625 0.0524035 -0.000814369 0.0347221 -0.0317811 -0.0599195 -0.0291471 0.0276593 0.0587501 0.0846092 0.0945041 -0.103892 0.00748802 -0.0719839 -0.0622751 0.00252763 0.107153 0.0979182 0.0772331 0.0540237 -0.137963 0.132574 -0.135943
internal_weight=162.112 111.938 71.7324 50.174 40.5167 57.3714 22.5062 34.8652 16.2347 18.6305 26.5877 15.6416 17.1543 10.6642 40.2056 34.7672 10.9461 10.5744 14.361 10.4659 9.65728 27.3622 21.1084 13.2186 9.16272 13.929 7.88983 7.77662
internal_count=734 508 307 226 185 245 100 145 68 77 115 67 75 48 201 176 48 44 62 45 41 143 111 68 45 70 43 40
is_linear=0
shrinkage=0.1


Tree=8
num_leaves=26
num_cat=0
split_feature=7 6 5 7 17 9 3 9 0 2 7 5 7 11 19 5 15 7 17 3 3 0 9 20 2
split_gain=29.5454 15.2008 8.04087 5.68245 4.22107 6.21938 3.30449 5.41399 3.02211 3.73486 5.58839 2.84671 2.56385 2.45458 2.41343 2.08093 1.83408 1.68912 1.46987 1.35225 0.926291 0.513921 0.165381 0.00205712 0.000840612
threshold=0.45000000000000007 1.0000000180025095e-35 180.50000000000003 0.15000000000000005 1.0000000180025095e-35 70.90000000000002 276.50000000000006 66.15000000000002 43.500000000000007 146.50000000000003 0.75000000000000011 168.50000000000003 1.0500000000000003 1.0000000180025095e-35 1.0000000180025095e-35 160.50000000000003 1.0000000180025095e-35 0.75000000000000011 1.0000000180025095e-35 262.50000000000006 232.50000000000003 54.500000000000007 87.500000000000014 1.0000000180025095e-35 143.50000000000003
decision_type=2 2 2 2 2 2 2 2 2 2 2 2 2 2 2 2 2 2 2 2 2 2 2 2 2
left_child=3 2 6 21 5 -5 8 -8 -2 12 -11 -7 -10 15 -6 19 -17 -4 -9 -3 -12 23 24 -1 -15
right_child=1 13 17 4 14 11 7 18 9 10 20 -13 -14 22 -16 16 -18 -19 -20 -21 -22 -23 -24 -25 -26
leaf_value=-0.13096857319992763 0.077323588612317806 0.065276002105458142 -0.10915657668559567 -0.087567522878083504 -0.052209061476132627 0.068696917066971883 -0.033649201591466414 0.056950941296025653 -0.004410073305340623 -0.044010783249911138 0.1092793488111328 -0.026956854393474779 -0.080316908913141097 0.12817599295687773 -0.13907015125132668 0.0058906839507813051 0.07899090722703328 -0.038264695898986539 0.12512874274446006 0.13000504698045601 0.047079013883558084 -0.095596777607753688 0.10099200589682933 -0.1341637192742941 0.12607201427210787
leaf_weight=4.3280749469995481 4.6903276443481436 7.9051965624094027 5.5280408859252921 7.0530195683240917 8.6960820704698545 7.5555966049432737 5.0337680429220226 6.7476931512355787 9.5224980413913745 6.7021473497152355 4.3118949532508832 5.2893615961074829 8.3528585433959943 4.2381103038787824 5.0600796192884436 8.1665638387203199 5.9205972850322715 8.5737511813640577 5.9511589407920837 5.4542240351438522 5.3833478391170502 7.0981600582599631 3.4947506636381149 3.7703800201416016 3.4405218064785004
leaf_count=24 20 39 26 30 38 31 21 30 39 28 20 24 35 25 23 37 28 36 27 31 25 36 20 20 21
internal_value=0.000178317 0.0290479 0.00151914 -0.0644847 -0.0415662 -0.0121195 0.0183267 0.0541131 0.00203986 -0.00826294 0.026204 0.0293081 -0.0398801 0.0795132 -0.0841601 0.0634278 0.0366135 -0.066055 0.0889016 0.0917028 0.0747422 -0.11524 0.119026 -0.132456 0.127233
internal_weight=158.268 109.417 70.7975 48.8508 33.6541 19.898 56.6957 17.7326 38.9631 34.2727 16.3974 12.845 17.8754 38.62 13.7562 27.4466 14.0872 14.1018 12.6989 13.3594 9.69524 15.1966 11.1734 8.09845 7.67863
internal_count=734 508 307 226 146 85 245 78 167 147 73 55 74 201 61 135 65 62 57 70 45 80 66 44 46
is_linear=0
shrinkage=0.1


Tree=9
num_leaves=28
num_cat=0
split_feature=7 6 5 5 9 7 11 7 5 0 9 9 8 3 1 5 9 9 7 1 5 3 9 9 7 0 20
split_gain=25.1824 16.2785 7.85149 4.43662 3.69696 5.76534 3.38278 3.35771 3.51903 6.01888 2.6173 3.03486 6.16287 2.53597 3.7927 2.52867 3.0817 2.196 2.82394 2.21711 1.87728 0.997277 0.573434 1.04283 0.931616 0.52174 0.00139475
threshold=0.35000000000000003 1.0000000180025095e-35 163.50000000000003 189.50000000000003 67.450000000000017 0.8500000000000002 1.0000000180025095e-35 0.15000000000000005 180.50000000000003 53.500000000000007 67.450000000000017 76.050000000000011 1.0000000180025095e-35 276.50000000000006 1.0000000180025095e-35 152.50000000000003 85.750000000000014 81.550000000000011 0.55000000000000016 1.0000000180025095e-35 154.50000000000003 300.50000000000006 80.600000000000009 94.350000000000009 1.1500000000000001 54.500000000000007 1.0000000180025095e-35
decision_type=2 2 2 2 2 2 2 2 2 2 2 2 2 2 2 2 2 2 2 2 2 2 2 2 2 2 2
left_child=7 2 4 10 5 -2 17 25 9 -9 -3 12 -12 14 -6 16 -16 18 -4 -20 -11 -15 -13 24 -24 26 -1
right_child=1 3 6 -5 13 -7 -8 8 -10 20 11 22 -14 21 15 -17 -18 -19 19 -21 -22 -23 23 -25 -26 -27 -28
leaf_value=-0.12716989431895093 -0.10464346285695712 0.1450849745402398 -0.13870522859158371 -0.020602582103702485 0.089234799865845357 0.041279753227656063 0.020704066019550032 0.04824033787942561 -0.11892811154777171 -0.031867238437762631 -0.023598455940467975 0.13144921761811384 0.13462255117038011 0.12239573936897225 -0.073834132381855183 0.056269687867093132 0.036646005274372326 -0.0064533076610897317 -0.012147330011408251 -0.084682711256992838 -0.11856011305129591 0.055213186018625099 0.098226523292989101 0.13196162033779205 0.036033693237546065 -0.090224827443585703 -0.12989536986781333
leaf_weight=4.0270933061838132 4.9056025892496091 6.2990394383668891 4.6168603152036729 4.329033598303794 6.5627296268940016 6.0426850169897079 7.8813947886228553 6.6486564576625886 5.3188368231058112 5.0743060261011106 7.0053679943084735 4.1854595988988903 3.7956807911396027 4.416374593973158 6.2834697961807233 5.1196171194314966 4.2206918597221375 7.4674432277679434 7.9772741794586191 8.9323917925357819 4.9194014966487885 4.4218076765537262 5.6375559568405134 4.0462079346179953 4.2051255404949188 6.7851929515600204 3.5178345739841461
leaf_count=24 20 33 21 19 29 26 34 27 27 21 35 24 21 22 27 22 20 33 34 38 22 20 32 23 24 36 20
internal_value=0.000182659 0.0225285 -0.00372219 0.0749245 0.0258554 -0.0241041 -0.0373886 -0.0726907 -0.0481201 -0.0254901 0.0866813 0.0739409 0.0320032 0.0434856 0.0254407 -0.00135587 -0.029442 -0.0531798 -0.069389 -0.0504635 -0.0745418 0.0887838 0.0990024 0.0892244 0.0716556 -0.110346 -0.128441
internal_weight=154.643 118.352 78.8483 39.5035 41.973 10.9483 36.8754 36.2913 21.9612 16.6424 35.1744 28.8754 10.801 31.0247 22.1865 15.6238 10.5042 28.994 21.5265 16.9097 9.99371 8.83818 18.0743 13.8889 9.84268 14.3301 7.54493
internal_count=734 557 346 211 186 46 160 177 97 70 192 159 56 140 98 69 47 126 93 72 43 42 103 79 56 80 44
is_linear=0
shrinkage=0.1


Tree=10
num_leaves=30
num_cat=0
split_feature=6 7 5 5 7 2 3 9 0 2 7 3 3 7 5 12 7 7 0 19 0 21 9 15 2 0 7 0 3
split_gain=21.2717 13.5045 7.96337 5.26357 5.79971 3.86477 3.82236 3.99356 3.27353 4.0986 4.88524 4.77409 2.71253 3.15038 2.66766 2.24047 2.6715 2.09082 3.68585 2.30606 1.9244 1.20532 1.15148 1.11097 1.88763 0.92221 0.411455 0.00732472 1.09344e-05
threshold=1.0000000180025095e-35 0.15000000000000005 180.50000000000003 151.50000000000003 0.35000000000000003 146.50000000000003 276.50000000000006 66.15000000000002 60.500000000000007 144.50000000000003 0.75000000000000011 258.50000000000006 203.50000000000003 1.4500000000000002 180.50000000000003 1.5000000000000002 0.65000000000000002 1.1500000000000001 47.500000000000007 1.0000000180025095e-35 49.500000000000007 1.0000000180025095e-35 78.350000000000009 1.0000000180025095e-35 147.50000000000003 51.500000000000007 0.8500000000000002 54.500000000000007 237.50000000000003
decision_type=2 2 2 2 2 2 2 2 2 2 2 2 2 2 2 2 2 2 2 2 2 2 2 2 2 2 2 2 2
left_child=1 27 6 23 -5 20 8 -8 9 11 -11 17 -6 14 21 -9 -17 18 -3 -20 -4 -14 -10 26 -25 -12 -2 28 -1
right_child=3 2 5 4 12 -7 7 15 22 10 25 -13 13 -15 -16 16 -18 -19 19 -21 -22 -23 -24 24 -26 -27 -28 -29 -30
leaf_value=-0.12430576469096251 0.15531549338292974 0.080453848829401292 -0.063670840257399719 -0.068331715462418841 -0.0211288601909492 -0.0062274968813469762 -0.028580667165461621 0.11653664989022293 -0.093720677942532304 -0.020082485101498071 0.060768165471545857 -0.11441224619157496 0.10305551917000484 0.1358143899062248 -0.012174139417987071 -0.017482102936319233 0.084776812096024154 -0.058661839687707024 0.029865722311721722 -0.066219325311967878 -0.14000528229806838 0.029058373268859895 -0.029226744693835321 0.1192449944652388 0.017031810561573418 0.12594849863483326 0.11066415485408479 -0.12923786698800219 -0.12404162264441521
leaf_weight=3.1447535157203657 3.3630755841732043 5.5883074104785981 7.1212315708398837 4.7772716134786632 4.1619398444891003 6.7685269117355338 6.3991194665432003 5.5075340569019291 5.2412503361701948 7.0987393409013739 4.5753203034400922 4.6958029866218558 6.0572520792484301 5.0566366910934439 5.335223287343978 4.7522000223398209 5.5250074118375778 5.0468614101409903 4.7275058478116971 5.2959520518779755 6.15883669257164 3.4578838795423508 5.8673326671123505 4.1877434849739066 3.1778078824281693 4.1301793307065964 5.34153151512146 5.2480418086051941 3.124051570892334
leaf_count=20 19 23 34 22 20 31 27 24 23 30 21 20 35 28 25 21 28 21 20 22 31 19 26 23 19 20 32 30 20
internal_value=0.000189428 -0.0242463 -0.0117866 0.0578652 0.0323145 -0.0677272 0.00327733 0.0380571 -0.0114843 0.00151717 0.0414866 -0.023397 0.052291 0.0676408 0.0444273 0.0650719 0.0374921 -0.00270886 0.0153792 -0.0209014 -0.0990721 0.0761643 -0.0596563 0.103729 0.0751459 0.0916919 0.127915 -0.126482 -0.124174
internal_weight=150.933 106.017 94.4997 44.9164 28.8462 20.0486 74.4511 22.1839 52.2673 41.1587 15.8042 25.3544 24.0689 19.907 14.8504 15.7847 10.2772 20.6586 15.6118 10.0235 13.2801 9.51514 11.1086 16.0702 7.36555 8.7055 8.70461 11.5168 6.26881
internal_count=734 492 422 242 149 96 326 100 226 177 71 106 127 107 79 73 49 86 65 42 65 54 49 93 42 41 51 70 40
is_linear=0
shrinkage=0.1


Tree=11
num_leaves=28
num_cat=0
split_feature=7 6 5 5 4 9 7 21 7 9 9 9 5 3 0 0 1 2 1 9 5 8 0 9 9 7 15
split_gain=18.5922 11.6617 5.67903 3.65192 3.26918 3.08437 3.95745 2.76173 3.42483 2.42087 2.85331 2.36431 3.11856 2.32861 3.01244 2.79347 1.84004 2.25211 1.62141 1.4869 1.36677 1.13389 0.840236 0.60857 1.05658 0.900752 0.415472
threshold=0.35000000000000003 1.0000000180025095e-35 165.50000000000003 189.50000000000003 1.0000000180025095e-35 68.550000000000011 0.8500000000000002 1.0000000180025095e-35 0.25000000000000006 67.450000000000017 76.050000000000011 77.15000000000002 186.50000000000003 276.50000000000006 60.500000000000007 51.500000000000007 1.0000000180025095e-35 142.50000000000003 1.0000000180025095e-35 79.050000000000011 151.50000000000003 1.0000000180025095e-35 50.500000000000007 80.600000000000009 94.350000000000009 1.1500000000000001 1.0000000180025095e-35
decision_type=2 2 2 2 2 2 2 2 2 2 2 2 2 2 2 2 2 2 2 2 2 2 2 2 2 2 2
left_child=7 2 5 9 11 6 -2 8 16 -3 20 18 -13 14 15 -7 -1 -18 -4 -15 -11 -17 -9 -12 25 -25 -24
right_child=1 3 4 -5 -6 13 -8 22 -10 10 23 12 -14 19 -16 21 17 -19 -20 -21 -22 -23 26 24 -26 -27 -28
leaf_value=-0.017776159578333475 -0.074791633402617824 0.13693187384118008 -0.038044950790984251 -0.020272828946839183 0.040503931117970973 -0.008127715337132092 0.034928460000044098 -0.066496010897313329 0.0058375204001573644 0.074939148309274825 0.12626863369624183 0.02917752831033836 -0.077226197337233821 0.1234204002924654 -0.043894797980615873 0.10628797628686214 -0.14758353878145478 -0.04785459966333739 -0.10064555033684469 0.040803651478297509 -0.0024146089668810834 0.03829553492646097 -0.098092066914381465 0.089818230594645873 0.12634365044434231 0.026131488846639347 -0.14344473092025026
leaf_weight=3.8429657518863669 6.507918640971182 5.6684526130557051 7.8234281092882201 4.323383003473281 5.0366327613592139 6.5979939103126624 6.6427779048681259 4.205734208226203 8.537030354142189 3.4389504194259661 3.7441497147083309 7.068668991327284 4.5131572782993317 4.372319743037222 5.3746108263730994 5.4766680300235731 4.7783034443855286 4.3039528876543045 8.7817502617835999 4.3415553271770477 6.802475780248642 4.4421438723802567 3.8970699161291105 5.1116093397140485 3.5792280137538901 3.9268407076597214 4.1935125738382339
leaf_count=21 27 33 35 19 22 29 29 23 39 20 24 30 22 22 24 25 26 24 39 22 36 20 21 32 23 24 23
internal_value=0.000192767 0.0195599 -0.00253349 0.0660346 -0.033704 0.0211341 -0.019369 -0.0649647 -0.0433152 0.0775971 0.0649544 -0.046964 -0.0122854 0.0385377 0.021135 0.0422958 -0.0757802 -0.100323 -0.0711517 0.0822579 0.0235599 0.0758375 -0.102752 0.0908646 0.0803589 0.0621489 -0.121599
internal_weight=147.333 113.575 76.9796 36.5951 33.2236 43.756 13.1507 33.7586 21.4623 32.2717 26.6033 28.187 11.5818 30.6053 21.8914 16.5168 12.9252 9.08226 16.6052 8.71388 10.2414 9.91881 12.2963 16.3618 12.6177 9.03845 8.09058
internal_count=734 557 346 211 148 198 56 177 110 192 159 126 52 142 98 74 71 50 74 44 56 45 67 103 79 56 44
is_linear=0
shrinkage=0.1


Tree=12
num_leaves=29
num_cat=0
split_feature=7 6 2 5 5 9 7 7 7 5 0 3 8 3 11 3 7 5 9 8 5 1 11 9 3 0 17 9
split_gain=15.5525 9.93548 4.73894 5.35477 3.1778 2.91899 3.09919 2.86389 2.72783 2.96192 4.69808 2.61968 2.42432 2.57537 2.03552 2.43202 1.98403 2.12152 1.71914 1.6702 1.56778 1.11194 2.94464 1.60306 0.613047 0.579849 0.227901 0.013486
threshold=0.35000000000000003 1.0000000180025095e-35 164.50000000000003 163.50000000000003 189.50000000000003 69.050000000000011 0.8500000000000002 0.55000000000000016 0.15000000000000005 180.50000000000003 53.500000000000007 276.50000000000006 1.5000000000000002 200.50000000000003 1.0000000180025095e-35 227.50000000000003 0.8500000000000002 180.50000000000003 66.15000000000002 1.0000000180025095e-35 154.50000000000003 1.0000000180025095e-35 1.0000000180025095e-35 81.850000000000009 266.50000000000006 54.500000000000007 1.0000000180025095e-35 76.050000000000011
decision_type=2 2 2 2 2 2 2 2 2 2 2 2 2 2 2 2 2 2 2 2 2 2 2 2 2 2 2 2
left_child=8 2 3 5 12 6 -2 -5 24 10 -10 14 13 -3 15 -7 17 -9 -18 -20 -12 25 23 -23 26 -15 -1 -14
right_child=1 4 -4 7 -6 11 -8 16 9 -11 20 -13 27 21 -16 -17 18 -19 19 -21 -22 22 -24 -25 -26 -27 -28 -29
leaf_value=-0.1232210177129671 -0.080843724868468747 -0.017958109596960606 0.087927180701816862 -0.093169444909261157 -0.018150970128266129 0.05002987008699751 0.023266473607063833 0.056661327393195772 0.046620729750417117 -0.10843422148257829 -0.023915803341526466 0.088586621421323189 0.13017797657473201 0.075809483273589384 0.070307365964882559 -0.036182739915184607 -0.090151751243729053 -0.040438496403520124 -0.055636729488354991 0.021222194501186242 -0.10491720046623242 -0.022664776065562917 0.12010412217932726 0.062421624525045787 -0.059729302901983521 0.13439205553397554 -0.089528213450838001 0.12130547843553233
leaf_weight=5.8411154597997648 5.3419008851051313 3.7456086277961793 5.4075545966625205 7.4081919938325873 4.3447123914957038 5.2722120285034242 6.1525317430496216 5.2098738700151461 6.6139322072267595 4.6910754293203345 4.9545177072286588 6.8279745280742636 3.3504023626446715 3.3433735445141801 5.1151916682720175 8.6251095533370954 5.3113901913166073 3.9608100652694702 6.3301421850919706 5.1094953417778015 4.6153439283370972 4.2220615148544294 4.6623343527317056 4.6562186628580093 3.0560699105262747 3.4157145023345947 3.0589134395122528 3.5056700482964516
leaf_count=39 22 19 26 36 19 24 27 22 27 27 21 36 21 20 23 38 23 20 27 22 22 22 34 30 20 21 21 25
internal_value=0.000199056 0.0180373 -0.00229811 -0.00920251 0.0619276 0.0168068 -0.0251175 -0.0383371 -0.0602843 -0.0384696 -0.0181894 0.0354556 0.0731866 0.0582302 0.0163747 -0.00347635 -0.0226665 0.014724 -0.0431367 -0.0213078 -0.0629811 0.0722881 0.0557524 0.0219588 -0.0983719 0.105414 -0.111641 0.125641
internal_weight=144.149 111.318 76.0724 70.6648 35.2461 37.3349 11.4944 33.3299 32.831 20.8749 16.1838 25.8405 30.9014 24.0453 19.0125 13.8973 25.9217 9.17068 16.751 11.4396 9.56986 20.2997 13.5406 8.87828 11.9561 6.75909 8.90003 6.85607
internal_count=734 557 346 320 211 170 49 150 177 97 70 121 192 146 85 62 114 42 72 49 43 127 86 52 80 41 60 46
is_linear=0
shrinkage=0.1


Tree=13
num_leaves=30
num_cat=0
split_feature=6 7 5 4 5 15 7 2 3 0 5 0 2 7 15 7 0 0 7 3 7 1 3 3 0 0 19 0 2
split_gain=13.4223 10.4378 4.89462 4.63239 4.2178 3.82456 4.55985 3.49266 3.88021 7.20273 3.68818 2.94372 3.70454 4.04051 3.00477 2.44222 2.76095 2.3483 2.22246 2.02524 1.84162 1.9338 1.21099 2.29648 0.604984 0.0875947 0.0746597 0.00296915 0.000104378
threshold=1.0000000180025095e-35 0.15000000000000005 163.50000000000003 1.0000000180025095e-35 151.50000000000003 1.0000000180025095e-35 0.75000000000000011 144.50000000000003 251.50000000000003 57.500000000000007 169.50000000000003 61.500000000000007 139.50000000000003 0.75000000000000011 1.0000000180025095e-35 0.55000000000000016 49.500000000000007 52.500000000000007 0.75000000000000011 280.50000000000006 1.4500000000000002 1.0000000180025095e-35 262.50000000000006 239.50000000000003 52.500000000000007 58.500000000000007 1.0000000180025095e-35 54.500000000000007 141.50000000000003
decision_type=2 2 2 2 2 2 2 2 2 2 2 2 2 2 2 2 2 2 2 2 2 2 2 2 2 2 2 2 2
left_child=1 27 3 11 22 20 -7 10 18 -10 -4 12 14 -14 -3 26 -17 -15 -9 -13 21 -6 23 -2 -23 -24 -12 28 -1
right_child=4 2 7 -5 5 6 -8 8 9 -11 15 19 13 17 -16 16 -18 -19 -20 -21 -22 24 25 -25 -26 -27 -28 -29 -30
leaf_value=-0.11733725555983097 0.11387966901916223 -0.081069583512125745 0.017826681544595512 0.091877457016112718 0.027630809881279694 0.0017601717587875402 0.12883096308659966 -0.09398026219305762 -0.039256604914883697 0.13221751106171184 -0.11528342258292211 -0.082144236727620126 -0.0047530374017143197 0.03659537067767564 0.016447121842535908 0.0052839496732160051 -0.094802159749476617 0.13933401837681669 -0.001134374405333092 0.0042919495153287577 0.055080467872435326 -0.027962887475160094 0.11697073760291438 0.0074421783855855642 -0.085077254198954802 0.14201106470916791 -0.13568571423782425 -0.12135314112918311 -0.11824062777069576
leaf_weight=2.5146175995469076 4.8321374729275686 5.2794190198183077 4.8532333225011852 6.4644468873739234 4.1870031207799894 5.3060862421989441 6.0368473380804062 4.9482485651969927 5.1580836772918683 4.6651602387428284 3.5066197365522411 6.0690360069274885 7.7483418881893185 4.0008998364210111 7.8699578642845154 4.9012219011783582 6.2977459132671356 5.0115261003375053 5.3826142251491547 4.8987338170409203 3.6081050187349328 3.6035052984952927 2.8120977059006682 3.4919994175434113 3.8213363736867905 2.7761491984128952 3.6716138869524002 4.3369696885347366 2.6029475331306458
leaf_count=20 30 22 21 31 23 27 38 24 24 21 19 27 34 19 33 22 29 27 23 25 21 20 23 20 20 20 21 30 20
internal_value=0.000197497 -0.0194377 -0.00901779 0.013217 0.048797 0.025435 0.0693888 -0.033281 -0.00281911 0.0421782 -0.059709 0.000777656 0.0170277 0.0481996 -0.0227054 -0.0801854 -0.0509995 0.0937251 -0.0456054 -0.0435377 -0.00732242 -0.0267126 0.0934022 0.0692288 -0.0573579 0.12941 -0.125719 -0.119428 -0.117797
internal_weight=140.657 100.181 90.7269 47.3424 40.4753 26.5629 11.3429 43.3845 20.1541 9.82324 23.2304 40.8779 29.9101 16.7608 13.1494 18.3772 11.199 9.01243 10.3309 10.9678 15.2199 11.6118 13.9124 8.32414 7.42484 5.58825 7.17823 9.45453 5.11757
internal_count=734 492 422 218 242 149 65 204 92 45 112 187 135 80 55 91 51 46 47 52 84 63 93 50 40 43 40 70 40
is_linear=0
shrinkage=0.1


Tree=14
num_leaves=29
num_cat=0
split_feature=6 7 5 5 15 7 2 3 1 0 9 0 15 2 3 21 1 5 5 3 3 15 3 18 5 0 0 2
split_gain=11.2752 9.42436 4.23133 3.76987 3.26985 4.18353 3.07598 2.53765 2.6243 2.86634 4.10343 3.80542 3.64129 2.56948 2.22855 2.0925 2.05388 1.77 1.26556 1.21031 2.07458 1.1919 1.10118 1.0918 0.169651 0.0885031 0.00207167 7.32893e-05
threshold=1.0000000180025095e-35 0.15000000000000005 180.50000000000003 151.50000000000003 1.0000000180025095e-35 0.75000000000000011 146.50000000000003 306.50000000000006 1.0000000180025095e-35 60.500000000000007 82.450000000000017 54.500000000000007 1.0000000180025095e-35 138.50000000000003 221.50000000000003 1.0000000180025095e-35 1.0000000180025095e-35 153.50000000000003 165.50000000000003 262.50000000000006 239.50000000000003 1.0000000180025095e-35 266.50000000000006 1.0000000180025095e-35 194.50000000000003 59.500000000000007 54.500000000000007 141.50000000000003
decision_type=2 2 2 2 2 2 2 2 2 2 2 2 2 2 2 2 2 2 2 2 2 2 2 2 2 2 2 2
left_child=1 26 7 19 14 -6 15 8 13 10 21 -12 -11 -3 -5 24 -16 -15 -19 20 -2 23 -18 -10 -4 -21 27 -1
right_child=3 2 6 4 5 -7 -8 -9 9 12 11 -13 -14 17 16 -17 22 18 -20 25 -22 -23 -24 -25 -26 -27 -28 -29
leaf_value=-0.11541870387243552 0.10930409553932954 -0.022412374161195698 -0.13309009675754579 -0.071395464461872199 0.0015847533197648992 0.12551585106386684 0.00346170995647849 0.056928020573920601 -0.081668484016371848 -0.0062819613589434956 0.12097789954836201 -0.0040428115272766272 -0.1198436040959508 0.10014611520315442 0.080106957684635771 -0.030729559576630101 0.025915658622403883 -0.014510351628731153 0.056683225084703096 0.11567017361276979 0.0067203737724188016 -0.0014078360714910372 -0.04942443840311847 -0.018970198179006068 -0.10165037057243874 0.14219224072107045 -0.11891573488248107 -0.11620813598054949
leaf_weight=2.311193034052847 4.5458823889493924 7.9078119695186642 3.5032107830047625 3.9294973015785226 5.304192028939724 5.5991557389497757 6.4878609180450431 7.6906570196151725 5.6088072210550344 5.775069020688532 4.279975086450575 5.6469014510512352 5.524603471159935 4.5453705042600623 3.4661135450005514 4.6346878409385681 3.8072470426559448 4.4974589943885785 5.6133189499378204 2.9638774469494811 3.4809639975428581 8.8338166698813438 3.9556640237569809 5.5016170591115952 3.364872932434082 2.1862639859318733 4.0005304664373398 2.3943139016628265
leaf_count=20 30 34 20 19 27 38 31 36 24 29 20 29 24 22 21 25 23 21 24 26 20 39 21 24 20 17 30 20
internal_value=0.000195816 -0.017922 -0.00825157 0.0455018 0.0234619 0.0652266 -0.0515961 0.00266604 -0.00388156 -0.0189037 -0.00267526 0.0498599 -0.0618042 0.0235282 -0.00657898 -0.0826501 0.016103 0.0483157 0.025015 0.0890931 0.0648171 -0.0288237 -0.0124746 -0.0506218 -0.117687 0.126929 -0.117243 -0.11582
internal_weight=137.361 98.1221 89.416 39.2389 26.0619 10.9033 17.9906 71.4254 63.7348 41.1708 29.8711 9.92688 11.2997 22.564 15.1585 11.5028 11.229 14.6561 10.1108 13.177 8.02685 19.9442 7.76291 11.1104 6.86808 5.15014 8.70604 4.70551
internal_count=734 492 422 242 149 65 96 326 290 189 136 49 53 101 84 65 65 67 45 93 50 87 44 48 40 43 70 40
is_linear=0
shrinkage=0.1


Tree=15
num_leaves=28
num_cat=0
split_feature=7 2 5 6 7 0 9 8 6 8 2 5 2 3 5 10 7 18 5 15 1 0 0 14 9 5 0
split_gain=10.0364 7.77203 4.84728 5.06265 4.84642 3.82528 4.28348 4.56385 3.11972 3.41844 4.57003 2.97749 2.62269 2.40165 2.74875 4.5041 6.97735 2.13269 2.01244 1.95222 1.7803 2.14406 1.67107 0.985601 0.156055 0.0233503 0.000919732
threshold=0.75000000000000011 161.50000000000003 180.50000000000003 1.0000000180025095e-35 0.15000000000000005 52.500000000000007 72.800000000000026 1.0000000180025095e-35 1.0000000180025095e-35 1.0000000180025095e-35 150.50000000000003 151.50000000000003 146.50000000000003 276.50000000000006 137.50000000000003 1.0000000180025095e-35 1.2500000000000002 1.0000000180025095e-35 154.50000000000003 1.0000000180025095e-35 1.0000000180025095e-35 53.500000000000007 43.500000000000007 1.0000000180025095e-35 78.850000000000009 161.50000000000003 54.500000000000007
decision_type=2 2 2 2 2 2 2 2 2 2 2 2 2 2 2 2 2 2 2 2 2 2 2 2 2 2 2
left_child=2 8 3 4 26 18 -7 -8 13 10 19 -5 22 14 -2 20 -17 -15 -6 -10 -16 -22 -4 25 -24 -11 -1
right_child=1 -3 12 11 5 6 7 -9 9 23 -12 -13 -14 17 15 16 -18 -19 -20 -21 21 -23 24 -25 -26 -27 -28
leaf_value=-0.11415391099308421 0.062045162140101431 0.13750436656229778 -0.04532363715003157 0.11172232888943008 -0.019329322186301262 -0.10886522541778021 0.034699145118912575 -0.077376800509745644 0.018763701726181119 0.11705396235657631 -0.077408908553262476 0.0058405023849600717 -0.022541171412309186 0.086805876692869502 -0.020780784545093772 0.11271495008399667 -0.054141596892260141 -0.0027435335890090115 0.063031992172251819 0.11956770975119109 -0.036395520276660071 -0.13344544349858042 -0.11922430428128789 0.049601314300550536 -0.14915875306402149 0.1301168667633924 -0.11673503215381249
leaf_weight=2.7092245891690245 4.2548651993274715 5.8526704758405677 3.258899390697481 4.4030340835452062 4.9618366807699186 6.3508803248405483 8.9234986901283246 6.1287780106067649 5.0976418107748049 2.750325642526148 3.6814538389444342 6.6931138634681702 6.1956686601042739 5.3629330769181234 7.7454127669334421 4.9724815785884875 5.0526951849460602 5.275847002863884 7.3781776428222656 3.0832080394029617 4.4542707353830338 4.655763104557991 4.1809923052787781 2.6868155375123024 2.9848618060350418 2.7233974635601044 2.8149022534489632
leaf_count=25 21 36 20 27 21 30 39 28 31 24 22 35 36 27 34 23 23 26 31 24 20 21 29 21 19 18 23
internal_value=0.000197001 0.0273654 -0.0272415 -0.011788 -0.0286419 -0.0144274 -0.039993 -0.0109344 0.0169344 0.0493882 0.0151173 0.0478552 -0.0740689 0.00137893 -0.0126369 -0.0244581 0.0286191 0.0423977 0.0299151 0.0567548 -0.0560271 -0.0859937 -0.104693 0.099205 -0.131693 0.123553 -0.115469
internal_weight=134.634 67.6498 66.9839 50.3634 39.2673 33.7432 21.4032 15.0523 61.7971 20.0228 11.8623 11.0961 16.6204 41.7743 31.1355 26.8806 10.0252 10.6388 12.34 8.18085 16.8554 9.11003 10.4248 8.16054 7.16585 5.47372 5.52413
internal_count=734 371 363 259 197 149 97 67 335 140 77 62 104 195 142 121 46 53 52 55 75 41 68 63 48 42 48
is_linear=0
shrinkage=0.1


Tree=16
num_leaves=29
num_cat=0
split_feature=7 6 4 5 9 3 0 5 21 7 0 5 3 5 9 9 2 0 5 17 3 9 15 2 2 9 2 5
split_gain=8.85403 5.29777 3.54432 3.14868 2.6923 2.86865 3.42857 2.69029 2.6885 2.62329 2.46037 2.40574 2.36974 2.30473 2.48531 2.7267 2.02721 2.68008 1.58797 1.47789 1.19401 0.91766 0.89709 0.654901 1.21421 2.29726 0.33749 0.284555
threshold=0.35000000000000003 1.0000000180025095e-35 1.0000000180025095e-35 185.50000000000003 68.550000000000011 278.50000000000006 60.500000000000007 192.50000000000003 1.0000000180025095e-35 0.65000000000000002 51.500000000000007 147.50000000000003 247.50000000000003 189.50000000000003 67.450000000000017 76.050000000000011 140.50000000000003 53.500000000000007 156.50000000000003 1.0000000180025095e-35 244.50000000000003 81.750000000000014 1.0000000180025095e-35 155.50000000000003 141.50000000000003 86.450000000000017 151.50000000000003 162.50000000000003
decision_type=2 2 2 2 2 2 2 2 2 2 2 2 2 2 2 2 2 2 2 2 2 2 2 2 2 2 2 2
left_child=8 2 3 4 9 6 10 -5 11 -2 19 -1 -11 14 -3 22 -13 -18 -4 -6 -12 27 -16 24 -17 -26 -7 -10
right_child=1 13 18 7 5 26 -8 -9 21 12 20 16 -14 -15 15 23 17 -19 -20 -21 -22 -23 -24 -25 25 -27 -28 -29
leaf_value=0.048899129399713075 -0.097722648880183102 0.12738677564026746 0.10074637760312739 -0.13350759674702881 0.017227188625015353 0.048470242575493892 -0.07021437622314311 -0.022354477805531795 -0.089130757556288479 -0.057385272015857663 0.077826875139938884 -0.089975358756862286 0.029532735194126566 -0.019505695633384609 -0.021694668231513111 0.10097323598300137 0.046399820620992308 -0.062128115655962879 0.021247696276400146 -0.060730825790171916 0.016092324551158218 -0.03872915152911327 0.043714258968063767 0.11865760689189549 0.089175977241819901 -0.040780170482847433 0.090379446393531002 -0.12800207603705571
leaf_weight=3.4513917490839985 4.5804407149553326 4.5085100010037484 4.1764392703771573 3.4545173421502096 5.1126716881990486 3.854166515171527 5.5198048651218405 5.8903828412294388 3.8550093397498149 5.6853539645671827 6.3006870299577695 5.8064851611852637 6.9974381923675537 4.2574541568756095 5.5068287998437899 4.6793098971247655 4.0496692284941656 5.1936825066804886 6.3069099187850952 4.6375307738780975 6.2314462214708328 2.5507740750908852 3.3861653134226799 2.729646995663642 3.0764349028468132 2.4383645579218864 3.8319325596094131 3.68197101354599
leaf_count=17 21 33 22 20 22 19 24 31 22 25 30 38 31 19 33 37 25 30 29 21 29 17 23 23 24 19 22 28
internal_value=0.000199706 0.0138465 -0.000863594 -0.00994338 -0.000465714 0.0152909 0.000341969 -0.0634443 -0.0490444 -0.0328568 0.0178203 -0.0264004 -0.00943027 0.048757 0.0597968 0.045829 -0.0436689 -0.0145802 0.052919 -0.0198523 0.0471301 -0.0905741 0.00321094 0.0751551 0.0635065 0.031716 0.0693642 -0.10812
internal_weight=131.751 103.162 72.5797 62.0964 52.7515 35.4882 27.8021 9.3449 28.589 17.2632 22.2823 18.5012 12.6828 30.5827 26.3253 21.8168 15.0498 9.24335 10.4833 9.7502 12.5321 10.0878 8.89299 12.9238 10.1941 5.5148 7.6861 7.53698
internal_count=734 557 346 295 244 167 126 51 177 77 102 110 56 211 192 159 93 55 51 43 59 67 56 103 80 43 41 50
is_linear=0
shrinkage=0.1


Tree=17
num_leaves=29
num_cat=0
split_feature=7 2 3 7 6 8 17 0 4 3 2 0 5 2 0 3 5 21 7 8 5 10 5 0 9 5 5 5
split_gain=7.40864 4.79929 4.96395 3.3644 3.36052 3.48056 3.27187 2.87773 3.20149 3.1292 2.78379 2.49084 4.6177 5.17609 4.21955 3.21732 2.52155 2.35124 2.21006 1.83041 1.91764 1.31296 0.918956 0.86908 0.845144 0.548266 0.324582 0.0283655
threshold=0.35000000000000003 161.50000000000003 168.50000000000003 0.75000000000000011 1.0000000180025095e-35 1.0000000180025095e-35 1.0000000180025095e-35 41.500000000000007 1.0000000180025095e-35 306.50000000000006 150.50000000000003 61.500000000000007 165.50000000000003 136.50000000000003 53.500000000000007 241.50000000000003 179.50000000000003 1.0000000180025095e-35 0.25000000000000006 1.0000000180025095e-35 163.50000000000003 1.0000000180025095e-35 156.50000000000003 55.500000000000007 81.750000000000014 161.50000000000003 162.50000000000003 159.50000000000003
decision_type=2 2 2 2 2 2 2 2 2 2 2 2 2 2 2 2 2 2 2 2 2 2 2 2 2 2 2 2
left_child=17 2 -2 -3 7 6 10 -4 9 11 25 12 13 -9 -15 -14 -17 18 19 20 -1 27 -13 -10 26 -6 -19 -7
right_child=1 3 4 -5 5 21 -8 8 23 -11 -12 22 15 14 -16 16 -18 24 -20 -21 -22 -23 -24 -25 -26 -27 -28 -29
leaf_value=-0.077948800108523564 -0.1296703446617806 0.021530991440408667 0.074246771343300919 0.1328344730005164 -0.0090647373439647246 0.11445165878360047 0.076578371409878943 -0.049803609958875963 0.076827916162629087 0.062191608254722155 -0.087857550327089973 -0.11065657056877481 -0.0048571336418696542 0.0010784689926919377 0.11759484469259195 -0.14742153958102774 -0.042144109878275722 -0.082603714585916338 0.015922740867634125 -0.12027671184802131 0.024183876091000426 0.047976023295427592 -0.044934098186153335 0.014722079758356222 -0.035450232572678909 0.047370274564448936 -0.12526756887638976 0.12951726114376269
leaf_weight=3.7354371175169963 2.6487855315208426 5.5982287898659688 4.4537702202796927 5.2744213864207268 3.5743500068783778 2.2554600983858091 5.2059879377484313 7.3491754382848766 4.4805222600698453 4.301337242126464 3.8702123239636421 3.9953272342681867 7.1277668178081539 6.5947340652346593 5.8786966279149055 4.5321836322545987 4.5682784169912338 3.7493098005652445 7.7945404872298232 3.0081759914755821 3.6199307590723038 4.3724673539400101 4.5507097244262695 4.5324820503592491 2.5102468281984329 3.3207673281431198 3.4005651324987411 2.8026715442538261
leaf_count=22 15 28 21 36 26 23 36 31 22 21 23 19 35 30 31 20 24 22 39 24 25 32 22 22 17 20 28 20
internal_value=0.000199834 0.0127538 0.00520538 0.0755253 0.0092759 0.0399361 0.0114921 -0.00321232 -0.00916946 -0.0192639 -0.0199829 -0.0271202 -0.0156137 0.0167688 0.0559923 -0.0551686 -0.094574 -0.0455101 -0.024305 -0.0545607 -0.0276844 0.0881078 -0.0756598 0.045596 -0.0853691 0.018115 -0.102895 0.122799
internal_weight=129.107 101.288 90.4157 10.8727 87.7669 25.4019 15.9713 62.365 57.9112 48.8982 10.7653 44.5969 36.0508 19.8226 12.4734 16.2282 9.10046 27.8182 18.1581 10.3635 7.35537 9.4306 8.54604 9.013 9.66012 6.89512 7.14987 5.05813
internal_count=734 557 493 64 478 180 105 298 277 233 69 212 171 92 61 79 44 177 110 71 47 75 41 44 67 46 50 43
is_linear=0
shrinkage=0.1


Tree=18
num_leaves=30
num_cat=0
split_feature=7 2 5 7 9 0 21 8 17 0 9 3 5 0 5 14 2 5 7 0 6 7 15 5 3 7 0 2 3
split_gain=6.48034 6.03534 3.96446 4.05905 3.49336 5.01341 3.26475 4.67799 2.39788 3.32655 3.46572 3.26697 2.00456 3.51561 3.27557 1.99187 1.84122 1.82434 2.79538 1.65602 1.63925 1.51856 1.47286 1.37783 1.0621 0.997376 0.963311 0.388484 0.225737
threshold=0.75000000000000011 161.50000000000003 178.50000000000003 0.25000000000000006 70.65000000000002 48.500000000000007 1.0000000180025095e-35 1.0000000180025095e-35 1.0000000180025095e-35 61.500000000000007 61.850000000000001 200.50000000000003 173.50000000000003 52.500000000000007 141.50000000000003 1.0000000180025095e-35 139.50000000000003 157.50000000000003 1.1500000000000001 54.500000000000007 1.0000000180025095e-35 1.2500000000000002 1.0000000180025095e-35 160.50000000000003 272.50000000000006 0.15000000000000005 57.500000000000007 144.50000000000003 261.50000000000006
decision_type=2 2 2 2 2 2 2 2 2 2 2 2 2 2 2 2 2 2 2 2 2 2 2 2 2 2 2 2 2
left_child=2 8 3 19 16 -6 7 27 9 10 -2 -10 14 -14 -12 20 -5 26 -19 -1 22 23 -4 -16 -11 -21 -13 -7 -24
right_child=1 -3 15 4 5 6 -8 -9 11 24 12 17 13 -15 21 -17 -18 18 -20 25 -22 -23 28 -25 -26 -27 -28 -29 -30
leaf_value=-0.019622218336089917 -0.063908876864038816 0.12939889548686026 -0.02254509042740931 -0.084212746824185961 0.1327229582774225 0.059771718569261126 -0.045258987561799829 -0.045984752601276532 -0.054543520016430619 -0.10490141716580897 0.076533375680378851 0.11857729883208215 0.13808854804808884 0.0072594965297293652 0.057929928131964604 -0.13196181654470904 -0.0013426030857883104 0.088917033434096709 -0.0223516427551359 -0.056824131633371758 0.0051640782454043625 -0.057222484377754734 -0.12199929118229841 -0.030444803534589917 -0.028665902289578601 -0.13895236011734052 0.048649322307043663 0.10239863854112444 -0.080912652156750559
leaf_weight=5.5424774438142759 4.8634045049548176 4.8926507160067549 3.804546572268011 4.7131880819797498 4.0399368628859547 3.9977075308561343 6.859235666692256 4.22109431028366 3.02458328008652 3.1490340009331694 5.1309549957513871 5.1514152809977549 3.8789891898632032 4.3655687719583511 3.438910670578478 3.4378535449504843 6.2183986529707909 4.0681436285376531 5.073911614716053 3.1283164918422699 4.1964926719665518 5.5751783102750778 3.0074661150574684 3.6225076541304588 4.3544867374002934 2.8041176795959473 3.1898485645651817 4.5958692580461502 2.4078036621212959
leaf_count=39 24 36 26 21 20 20 33 20 15 15 34 35 21 22 21 24 32 22 28 27 21 32 23 20 25 15 21 23 19
internal_value=0.000210749 0.0226785 -0.0225442 -0.00737663 0.00969668 0.0312562 0.0104205 0.0402238 0.0138116 -0.000939296 0.0135743 0.0414167 0.0280611 0.0688134 0.00915112 -0.0640494 -0.0370723 0.0580177 0.0271621 -0.0589249 -0.0466472 -0.0182087 -0.0702296 0.0125937 -0.06066 -0.0956442 0.0918356 0.0825687 -0.103731
internal_weight=126.754 63.7796 62.9745 46.1203 34.6454 23.7138 19.6739 12.8147 58.8869 38.379 30.8755 20.5079 26.0121 8.24456 17.7676 16.8542 10.9316 17.4833 9.14206 11.4749 13.4163 12.6366 9.21982 7.06142 7.50352 5.93243 8.34126 8.59358 5.41527
internal_count=734 371 363 250 169 116 96 63 335 214 174 121 150 43 107 113 53 106 50 81 89 73 68 41 40 42 56 43 42
is_linear=0
shrinkage=0.1


Tree=19
num_leaves=29
num_cat=0
split_feature=6 7 5 5 4 14 7 13 2 2 3 0 7 2 0 5 3 5 7 5 3 15 2 7 2 18 3 21
split_gain=5.78685 6.72114 2.78706 2.6375 2.66927 2.48287 3.60777 3.93107 3.07087 2.18661 2.98244 5.16366 2.56018 1.92941 1.70589 1.68665 2.86597 6.71198 1.39578 1.39111 1.58093 1.3903 1.71079 0.986776 0.544603 0.499341 0.395842 0.000648737
threshold=1.0000000180025095e-35 0.15000000000000005 151.50000000000003 163.50000000000003 1.0000000180025095e-35 1.0000000180025095e-35 1.4500000000000002 1.0000000180025095e-35 135.50000000000003 144.50000000000003 251.50000000000003 57.500000000000007 0.55000000000000016 139.50000000000003 66.500000000000014 159.50000000000003 260.50000000000006 150.50000000000003 0.75000000000000011 152.50000000000003 224.50000000000003 1.0000000180025095e-35 146.50000000000003 1.1500000000000001 136.50000000000003 1.0000000180025095e-35 271.50000000000006 1.0000000180025095e-35
decision_type=2 2 2 2 2 2 2 2 2 2 2 2 2 2 2 2 2 2 2 2 2 2 2 2 2 2 2 2
left_child=1 27 21 4 14 6 7 8 -4 12 18 -12 24 23 15 16 19 -18 -11 20 -3 25 -23 -14 -5 -2 -10 -1
right_child=2 3 5 9 -6 -7 -8 -9 26 10 11 -13 13 -15 -16 -17 17 -19 -20 -21 -22 22 -24 -25 -26 -27 -28 -29
leaf_value=-0.11257701925321573 0.13512596806433985 -0.0024026636381156066 -0.033667404523717345 -0.1166167892443228 0.074974863994652419 -0.038121084662636182 0.12629595462516316 -0.077239376811687688 0.1051436163709308 -0.079963770999642622 -0.031638348735224968 0.11697332753160711 0.038181535501085252 -0.074816014204065084 -0.04657664924213567 0.070366256655720869 0.11754827335209593 -0.055307248768108823 -0.0037280124921062509 0.016515286315387883 -0.074664944418756721 0.093159085231373145 -0.021641079377004296 -0.02905305971285866 -0.061629211700674515 0.074937304630351961 0.055692932852953736 -0.1105579398114305
leaf_weight=3.5158324316143981 3.4175679460167867 5.7516741678118759 3.3344004154205376 4.3459086567163494 5.7282180264592162 6.2734739035367957 3.4798400476574889 3.6096898838877669 3.790341317653656 4.4474057331681269 4.8238091990351659 4.5371322780847549 4.6588890552520734 4.3450260907411566 6.1268981248140326 4.1653176024556151 5.5439096838235837 3.7766969874501228 5.2208109796047211 6.6295797750353804 6.3922259360551834 2.7762421369552612 2.4381283335387707 4.1073894202709198 3.0759951993823051 2.3100793287158012 2.8253665789961815 2.9071871116757393
leaf_count=36 29 27 18 30 31 38 26 20 27 24 24 21 22 21 32 21 30 19 23 30 28 22 20 20 19 22 20 34
internal_value=0.00021888 -0.0130823 0.0352044 -0.00551525 0.0112977 0.0156629 0.0354645 0.0121545 0.0445847 -0.0242627 0.000158258 0.0403919 -0.0468949 -0.020328 0.00179545 0.0109826 0.00217815 0.0475075 -0.0387967 -0.0203268 -0.0404396 0.0768397 0.039481 0.00667915 -0.0938273 0.110851 0.0840247 -0.111663
internal_weight=124.355 90.0999 34.2551 83.6769 44.1145 23.3131 17.0396 13.5598 9.95011 39.5624 19.0292 9.36094 20.5332 13.1113 38.3863 32.2594 28.0941 9.32061 9.66822 18.7735 12.1439 10.942 5.21437 8.76628 7.4219 5.72765 6.61571 6.42302
internal_count=734 492 242 422 218 149 111 85 65 204 92 45 112 63 187 155 134 49 47 85 55 93 42 42 49 51 47 70
is_linear=0
shrinkage=0.1


Tree=20
num_leaves=28
num_cat=0
split_feature=3 6 7 10 2 3 1 5 8 9 8 9 0 2 9 11 8 10 5 15 9 9 3 3 9 19 21
split_gain=5.11756 4.95405 5.9661 2.68581 3.64731 3.26957 3.23832 3.79163 2.55282 2.54001 2.66483 2.38393 2.00244 2.5201 1.82421 1.8175 1.73658 2.23914 1.93283 1.52924 1.52618 3.19973 1.43556 0.885022 0.798122 0.710878 0.000497889
threshold=162.50000000000003 1.0000000180025095e-35 0.15000000000000005 1.0000000180025095e-35 156.50000000000003 222.50000000000003 1.0000000180025095e-35 176.50000000000003 1.0000000180025095e-35 70.65000000000002 1.0000000180025095e-35 67.450000000000017 62.500000000000007 138.50000000000003 79.050000000000011 1.0000000180025095e-35 1.0000000180025095e-35 1.0000000180025095e-35 143.50000000000003 1.0000000180025095e-35 76.550000000000011 69.050000000000011 244.50000000000003 275.50000000000006 75.850000000000009 1.0000000180025095e-35 1.0000000180025095e-35
decision_type=2 2 2 2 2 2 2 2 2 2 2 2 2 2 2 2 2 2 2 2 2 2 2 2 2 2 2
left_child=-1 2 26 6 5 -5 8 9 22 -8 14 -10 13 -7 -11 16 18 -18 -3 -17 21 -20 -4 -24 -15 -9 -2
right_child=1 15 3 4 -6 12 7 25 11 10 -12 -13 -14 24 -16 19 17 -19 20 -21 -22 -23 23 -25 -26 -27 -28
leaf_value=-0.11248310027927973 -0.11133561305978851 0.073977176484221349 0.00018966827283043681 0.066876641932904712 0.10092569699257975 -0.054667737617843819 -0.074071277585510006 -0.065709871412010151 -0.081325059022566232 0.076250565856892938 -0.052732439597459851 0.024629066800004224 -0.075155533748962 0.066157301689321185 -0.0046763739461626571 0.039323251003348228 0.11196427575159962 0.004182354925786471 0.029973815226211415 0.13286439487004195 0.028726806172533554 -0.098381654173011368 0.099715869029546544 0.03333189294972172 0.0044897355436346398 -0.12880626283887017 -0.10940159133956151
leaf_weight=3.8999804854392996 2.9738377556204787 3.4494896084070303 5.1043875142931965 6.5393938273191514 4.9363770037889472 4.7741452679038074 5.7691059708595338 3.2893972918391219 4.2717602998018247 4.9674101769924182 5.7515884488821021 4.2226167321205139 4.3120579048991194 4.3366091921925527 6.34108866751194 3.7904269285500041 4.3307777382433406 3.473344050347805 3.6272590756416303 3.2430185340344906 5.8728279620409012 4.1805804222822189 4.2013337761163694 3.8474069014191628 4.0669451430439949 3.9058492481708527 2.4096731394529343
leaf_count=23 33 27 25 33 28 24 27 19 21 24 27 22 21 22 32 35 35 23 21 36 38 20 20 20 21 26 31
internal_value=0.000220733 0.00394603 -0.00854544 -0.00174077 0.0226349 0.00655137 -0.0154049 -0.0366618 0.0140777 -0.0167113 0.00268576 -0.0286545 -0.0160042 0.00335158 0.0308719 0.037559 0.0248951 0.0639943 0.00708233 0.0824537 -0.00978476 -0.038752 0.0416744 0.0679834 0.036313 -0.099961 -0.11047
internal_weight=121.889 117.989 86.021 80.6375 28.9655 24.0292 51.6719 30.0244 21.6475 22.8292 17.0601 8.49438 17.4898 13.1777 11.3085 31.9677 24.9343 7.80412 17.1302 7.03345 13.6807 7.80784 13.1531 8.04874 8.40355 7.19525 5.38351
internal_count=734 711 476 412 149 121 263 155 108 110 83 43 88 67 56 235 164 58 106 71 79 41 65 40 43 45 64
is_linear=0
shrinkage=0.1


Tree=21
num_leaves=28
num_cat=0
split_feature=2 3 6 7 5 7 9 4 0 11 3 5 5 0 8 10 2 5 15 21 7 9 8 3 0 5 21
split_gain=4.35511 4.73777 3.96336 5.07688 2.21354 2.0726 2.39661 1.96947 2.41442 1.74068 1.73286 2.77767 2.43441 1.54378 1.53874 1.91659 1.78299 1.70301 1.5345 1.47879 1.241 1.47422 1.89189 1.21004 0.803323 0.619201 0.000357804
threshold=168.50000000000003 162.50000000000003 1.0000000180025095e-35 0.15000000000000005 163.50000000000003 0.55000000000000016 85.250000000000014 1.0000000180025095e-35 61.500000000000007 1.0000000180025095e-35 264.50000000000006 155.50000000000003 150.50000000000003 53.500000000000007 1.0000000180025095e-35 1.0000000180025095e-35 146.50000000000003 169.50000000000003 1.0000000180025095e-35 1.0000000180025095e-35 0.8500000000000002 66.15000000000002 1.0000000180025095e-35 254.50000000000003 54.500000000000007 178.50000000000003 1.0000000180025095e-35
decision_type=2 2 2 2 2 2 2 2 2 2 2 2 2 2 2 2 2 2 2 2 2 2 2 2 2 2 2
left_child=1 -1 3 26 7 6 13 8 10 14 11 24 -12 -6 16 -16 17 -4 -11 -10 25 -22 -23 -18 -5 -7 -3
right_child=-2 2 9 4 5 20 -8 -9 19 18 12 -13 -14 -15 15 -17 23 -19 -20 -21 21 22 -24 -25 -26 -27 -28
leaf_value=-0.11551877955091139 0.10843186938205035 -0.11014458592739057 0.067865973814843925 -0.042754772514774081 -0.037891280187328485 0.0520369452494207 0.016517616392233755 0.067916435221060806 -0.0047347547501179997 0.03452115831827051 0.11327232719544943 0.061477584883966797 -0.00027164274049535161 -0.1189214391688872 0.10689212232457979 0.003771721295965209 -0.076832760894668298 -0.020689880535095365 0.13259481103789525 -0.085144496012435233 -0.068905601016672452 -0.03984679447538822 0.043157726233696528 0.0045810777506425553 0.0072182398582945053 -0.0037760109548107472 -0.10842895402117603
leaf_weight=3.6353063359856597 3.6059614717960349 2.7184445261955252 5.325074791908273 7.994461111724382 4.4363011196255666 4.4331463947892207 3.453953005373477 5.349972002208232 5.0445185005664808 3.6417725868523112 3.9258854724466792 5.5548098608851424 3.6381747275590897 5.0024919435381889 3.7541324496269217 3.4667104706168175 3.5312746241688719 3.6670824661850929 2.8391343243420124 4.1841472908854485 4.5994668900966635 5.9484943896532041 5.1004165709018707 3.7795184552669525 5.3825660645961761 3.6035017222166061 2.1989193744957447
leaf_count=22 25 33 37 35 28 20 22 29 26 34 23 26 18 31 32 23 21 20 34 21 22 27 23 23 27 21 31
internal_value=0.000200451 -0.00315795 0.000470463 -0.0108404 -0.00460052 -0.0224919 -0.0547556 0.0113322 0.00285831 0.0315968 0.0182011 0.00203612 0.0586598 -0.0808367 0.0189544 0.0573842 0.00193318 0.0317521 0.0774849 -0.0411914 -0.00492947 -0.0213335 -0.00153011 -0.0347436 -0.0226469 0.0270113 -0.109377
internal_weight=119.816 116.21 112.574 82.5697 77.6523 36.5778 12.8927 41.0745 35.7246 30.0047 26.4959 18.9318 7.56406 9.43879 23.5238 7.22084 16.303 8.99216 6.48091 9.22867 23.685 15.6484 11.0489 7.31079 13.377 8.03665 4.91736
internal_count=734 709 687 463 399 194 81 205 176 224 129 88 41 59 156 55 101 57 68 47 113 72 50 44 62 41 64
is_linear=0
shrinkage=0.1


Tree=22
num_leaves=28
num_cat=0
split_feature=7 2 5 2 7 0 5 6 9 0 17 3 4 7 3 0 14 6 5 9 0 3 2 3 3 2 3
split_gain=3.87458 4.90705 2.81684 2.53205 2.33262 2.31945 2.28507 2.25573 2.78636 3.05037 1.83188 2.68928 2.22229 2.19722 2.31778 2.33633 3.39398 2.27837 1.89673 1.82079 1.59141 1.35079 1.69504 1.2857 1.22695 1.0964 0.000517383
threshold=0.75000000000000011 161.50000000000003 180.50000000000003 146.50000000000003 0.15000000000000005 52.500000000000007 154.50000000000003 1.0000000180025095e-35 72.800000000000026 58.500000000000007 1.0000000180025095e-35 206.50000000000003 1.0000000180025095e-35 0.8500000000000002 191.50000000000003 61.500000000000007 1.0000000180025095e-35 1.0000000180025095e-35 175.50000000000003 77.15000000000002 55.500000000000007 244.50000000000003 148.50000000000003 270.50000000000006 244.50000000000003 137.50000000000003 236.50000000000003
decision_type=2 2 2 2 2 2 2 2 2 2 2 2 2 2 2 2 2 2 2 2 2 2 2 2 2 2 2
left_child=2 10 4 19 23 6 -6 8 -7 -10 12 -12 13 -2 -15 16 17 24 21 -4 -14 -13 -23 26 -16 -8 -1
right_child=1 -3 3 -5 5 7 25 -9 9 -11 11 18 20 14 15 -17 -18 -19 -20 -21 -22 22 -24 -25 -26 -27 -28
leaf_value=-0.10973138231985047 0.057579334971236254 0.12336538601638609 -0.047910210641562812 -0.0045071979597743903 -0.015389202273778277 -0.093050173286177429 0.027246095291895724 0.042305907964778636 -0.060806337454382547 0.032640609426968725 -0.040756617377998586 0.11878668374922596 0.089536807002364507 -0.11431478003021643 0.041749792071898828 -0.077069984721471307 -0.067766271912658924 0.093675856905300725 -0.019931184177247121 -0.14273552021477665 -0.0085128093258445958 0.011967361590180435 0.10254374087493397 4.9210527263823034e-05 -0.029915053796889465 0.096693146182516926 -0.11233646100465602
leaf_weight=1.6533239632844918 3.684509132057431 4.1189235076308242 4.2073745019733888 5.267933312803506 6.0087196454405776 5.4882912188768449 4.2922559380531293 5.0599736869335166 6.3125991374254209 7.8211682438850403 3.7414786517620113 3.9600590728223315 3.9689894318580619 2.6100001931190517 4.2994861453771644 4.8124267160892478 5.1680124849081031 3.7580070234835139 2.8479727134108535 3.9037204645574093 2.8397082090377808 5.1628273017704469 3.4445596523582935 1.5821375325322149 5.3763485923409462 4.8330625966191292 1.4147422946989534
leaf_count=22 20 36 36 36 31 30 20 32 31 36 19 26 26 13 21 25 29 35 15 32 18 34 27 15 27 24 18
internal_value=0.000192947 0.0180432 -0.0182585 -0.0584885 -0.00615403 0.00167329 0.0324964 -0.0172262 -0.0325779 -0.00909583 0.0102512 0.0352955 -0.00288685 -0.0146966 -0.0249294 -0.0149655 0.00110131 0.0275947 0.0537541 -0.0935479 0.0486432 0.0704523 0.0482148 -0.0731733 0.00192944 0.0640275 -0.110933
internal_weight=117.639 59.7933 57.8453 13.379 44.4663 39.8161 15.134 24.682 19.6221 14.1338 55.6744 19.1569 36.5175 29.7088 26.0243 23.4143 18.6019 13.4338 15.4154 8.11109 6.8087 12.5674 8.60739 4.6502 9.67583 9.12532 3.06807
internal_count=734 371 363 104 259 204 75 129 97 67 335 121 214 170 150 137 112 83 102 68 44 87 61 55 48 44 40
is_linear=0
shrinkage=0.1


Tree=23
num_leaves=31
num_cat=0
split_feature=2 3 7 11 3 2 9 9 19 9 9 9 15 3 3 9 9 5 3 8 5 7 17 5 0 5 5 0 19 3
split_gain=3.4122 3.69329 3.27701 2.48748 3.00868 2.2438 2.07325 2.79227 3.19325 2.65662 1.88408 1.84402 3.40569 1.66019 2.11325 7.09415 4.12218 2.15014 2.03116 1.65164 1.61636 1.51553 1.6439 1.60354 1.07783 1.01684 0.832562 0.757933 0.487175 0.310563
threshold=168.50000000000003 160.50000000000003 0.45000000000000007 1.0000000180025095e-35 215.50000000000003 128.50000000000003 70.90000000000002 64.250000000000014 1.0000000180025095e-35 75.850000000000009 49.150000000000006 85.250000000000014 1.0000000180025095e-35 186.50000000000003 276.50000000000006 66.15000000000002 65.350000000000009 163.50000000000003 259.50000000000006 1.0000000180025095e-35 158.50000000000003 0.75000000000000011 1.0000000180025095e-35 167.50000000000003 52.500000000000007 166.50000000000003 153.50000000000003 55.500000000000007 1.0000000180025095e-35 254.50000000000003
decision_type=2 2 2 2 2 2 2 2 2 2 2 2 2 2 2 2 2 2 2 2 2 2 2 2 2 2 2 2 2 2
left_child=1 -1 6 5 -5 25 7 8 -3 -8 -7 12 -11 -12 16 -16 -15 27 21 20 -6 -18 23 -23 -13 -4 -20 -17 -21 -9
right_child=-2 2 3 4 19 10 9 29 -10 11 13 24 -14 14 15 17 18 -19 26 28 -22 22 -24 -25 -26 -27 -28 -29 -30 -31
leaf_value=-0.11245953145028205 0.10042931128461273 0.041902719192773191 0.086168677902614885 -0.029460043717436598 -0.0016533815076838255 0.12675490347594714 0.063088233472278474 -0.088112421259447904 -0.094395014371694466 -0.11144080923989264 0.060536405914263375 0.058008037339962605 0.020717476191509081 0.052069976221483183 -0.11196132723838957 0.052355660891058559 -0.066785278351583696 0.003679904517163231 -0.043030455193120432 0.07969414745955905 0.083828189798862571 -0.071587791102296919 0.036377063130119951 0.012882202170122641 -0.025688512299974819 0.016013239252039343 -0.11580175079494924 0.12367940398972702 0.13856027452920533 -0.13677036666934975
leaf_weight=2.986744847148656 3.299487840384244 3.9228183776140231 3.9328924641013128 4.440879691392186 4.8026628643274289 1.0352701656520356 4.2522746659815338 2.4449139684438705 3.0595841147005558 4.8489619418978673 3.1678780466318122 2.9433007389307013 3.2614433392882347 5.4043484553694716 3.1854958832263938 2.4500745348632318 6.7720738872885766 4.2713936418294907 2.4173490926623336 3.0519283190369597 4.1008421145379543 5.1380747407674772 5.0682127103209487 3.9945784732699394 3.2240266799926758 4.3523325845599174 4.4965694323182106 3.8018977418541908 2.6066951975226402 2.8301118277013302
leaf_count=18 25 26 20 24 35 7 30 19 20 33 18 20 22 30 17 19 35 20 15 25 29 30 30 21 22 24 26 31 22 21
internal_value=0.000197877 -0.00274793 0.000250646 0.0110961 0.0425934 0.00103455 -0.0273993 -0.0593057 -0.0178209 -0.00629359 -0.00677776 -0.0269573 -0.0582959 -0.00953336 -0.0142562 0.0187877 -0.0278632 0.0583663 -0.0433539 0.0645668 0.0377184 -0.0278584 -0.00929505 -0.034641 0.0142549 0.0493151 -0.0903583 0.0957285 0.106811 -0.114218
internal_weight=115.565 112.266 109.279 78.4915 19.003 59.4884 30.7874 12.2574 6.9824 18.53 51.2032 14.2777 8.11041 50.1679 47.0001 13.7089 33.2912 10.5234 27.8869 14.5621 8.9035 20.9729 14.2009 9.13265 6.16733 8.28523 6.91392 6.25197 5.65862 5.27503
internal_count=734 709 691 478 135 343 213 86 46 127 299 97 55 292 274 87 187 70 157 111 64 116 81 51 42 44 41 50 47 40
is_linear=0
shrinkage=0.1


Tree=24
num_leaves=30
num_cat=0
split_feature=6 7 5 10 1 5 2 8 9 9 9 2 15 9 7 13 2 21 3 3 3 15 2 9 5 17 18 7 21
split_gain=3.14267 4.53515 2.23017 1.76647 2.75648 3.14569 2.7166 2.02387 1.99359 3.81744 1.97215 2.65777 3.35145 1.73999 1.64402 1.88216 2.15885 3.07343 1.50127 1.86038 1.47895 1.40302 1.67677 1.0656 0.71685 0.676426 0.501587 0.487499 0.000130664
threshold=1.0000000180025095e-35 0.15000000000000005 151.50000000000003 1.0000000180025095e-35 1.0000000180025095e-35 176.50000000000003 156.50000000000003 1.0000000180025095e-35 75.15000000000002 63.850000000000001 66.350000000000009 139.50000000000003 1.0000000180025095e-35 67.450000000000017 1.4500000000000002 1.0000000180025095e-35 143.50000000000003 1.0000000180025095e-35 222.50000000000003 267.50000000000006 244.50000000000003 1.0000000180025095e-35 147.50000000000003 75.15000000000002 163.50000000000003 1.0000000180025095e-35 1.0000000180025095e-35 0.75000000000000011 1.0000000180025095e-35
decision_type=2 2 2 2 2 2 2 2 2 2 2 2 2 2 2 2 2 2 2 2 2 2 2 2 2 2 2 2 2
left_child=1 28 21 4 7 10 8 20 9 -5 -6 -12 -13 -9 15 16 23 -18 -10 -20 -3 26 -23 -4 -11 -7 -2 -22 -1
right_child=2 3 14 6 5 25 -8 13 18 24 11 12 -14 -15 -16 -17 17 -19 19 -21 27 22 -24 -25 -26 -27 -28 -29 -30
leaf_value=-0.10814179548602439 0.13220450351896054 -0.0046081618453684683 0.021799540089188787 0.047892832246094898 -0.089691248071407256 -0.065553836849605682 0.086573585247565796 -0.072968164164353075 0.088945505725850027 -0.039777014706783256 0.044536681494756127 0.018039908907186115 -0.085763514649668915 0.019440032300126652 0.066363529686156594 -0.068866437189148574 0.13087084350209838 -0.019913669469576629 -0.040966380970496458 0.053852010633642138 0.039814845465545749 0.084797699001765647 -0.03698735952784437 -0.050755112326885093 -0.10067535587772025 -0.12894223198696961 0.066417522616794206 0.090023538040638382 -0.10705866132221742
leaf_weight=2.4435808137059203 2.8850700482726115 5.2095530480146426 3.5688073933124596 4.4372630864381843 3.2369210198521676 3.5981175675988188 4.5367124676704398 4.0982734411954862 3.2938251718878737 4.1133880168199539 6.8779595270752933 6.3355378806591016 6.1099714413285255 4.0525278970599174 4.1282720603048793 3.5422924198210231 2.9501721635460845 2.4950393810868263 3.9141533970832807 4.3901806026697159 3.9637800082564354 2.4389729052782059 2.1073775365948677 4.6771625205874443 3.6464480012655258 3.1636143699288368 1.9371035173535345 3.7760495245456696 2.0465626940131187
leaf_count=36 29 26 20 21 16 24 28 22 17 22 31 35 31 22 34 20 28 17 21 23 21 23 19 30 20 23 22 19 34
internal_value=0.000192899 -0.00989616 0.0275229 -0.00432288 -0.0155493 -0.0353834 0.0156568 0.0120133 0.00213613 -0.0260892 -0.0174519 -0.00535093 -0.0329211 -0.0270234 0.00968255 -0.00389535 0.0129145 0.0617802 0.031819 0.00916044 0.0365843 0.0682018 0.0283465 -0.0193539 -0.0683939 -0.0952114 0.105777 0.0643103 -0.107648
internal_weight=113.975 83.2444 30.7303 78.7543 50.4223 29.3221 28.332 21.1002 23.7953 12.1971 22.5604 19.3235 12.4455 8.1508 21.3617 17.2335 13.6912 5.44521 11.5982 8.30433 12.9494 9.36852 4.54635 8.24597 7.75984 6.76173 4.82217 7.73983 4.49014
internal_count=734 492 242 422 270 160 152 110 124 63 113 97 66 44 149 115 95 45 61 44 66 93 42 50 42 47 51 40 70
is_linear=0
shrinkage=0.1


Tree=25
num_leaves=29
num_cat=0
split_feature=3 6 7 10 1 5 3 2 8 9 8 9 20 8 0 17 7 3 2 5 5 18 5 19 19 9 3 21
split_gain=2.76166 2.61434 4.01854 1.72522 2.30825 2.68336 2.1514 2.38143 1.72752 1.71462 2.0774 1.67328 1.4654 1.37036 1.90872 1.63393 1.70791 1.65962 1.33459 1.16094 2.26513 1.1458 0.739223 0.713414 0.517275 0.492159 0.00437124 9.51102e-05
threshold=162.50000000000003 1.0000000180025095e-35 0.15000000000000005 1.0000000180025095e-35 1.0000000180025095e-35 176.50000000000003 222.50000000000003 138.50000000000003 1.0000000180025095e-35 70.65000000000002 1.0000000180025095e-35 78.050000000000011 1.0000000180025095e-35 1.0000000180025095e-35 44.500000000000007 1.0000000180025095e-35 0.65000000000000002 270.50000000000006 150.50000000000003 153.50000000000003 172.50000000000003 1.0000000180025095e-35 173.50000000000003 1.0000000180025095e-35 1.0000000180025095e-35 75.15000000000002 262.50000000000006 1.0000000180025095e-35
decision_type=2 2 2 2 2 2 2 2 2 2 2 2 2 2 2 2 2 2 2 2 2 2 2 2 2 2 2 2
left_child=-1 2 27 4 8 9 -5 -8 19 -6 11 -11 -10 15 -15 16 -3 -17 24 -4 -21 -9 26 -7 -18 -23 -16 -2
right_child=1 13 3 6 5 23 7 21 12 10 -12 -13 -14 14 22 17 18 -19 -20 20 -22 25 -24 -25 -26 -27 -28 -29
leaf_value=-0.087943100634728613 -0.10740054007511607 0.046692607594893944 0.081269821527604605 0.066247348045259766 -0.063270356855668494 -0.053886474975646227 -0.058176052981457983 0.051867001047730989 -0.063815903105032323 0.085006176409073611 -0.048215060964371351 0.00034326902805115319 0.022086710502326492 -0.01125895923526435 0.11516287848494917 0.10387174663882304 -0.029581036569517979 -0.00012765451732373305 -0.073953176916042376 -0.034298579364974324 0.067074264729760122 -0.028085586836202034 0.03615669054292845 -0.12200254220913086 0.032802552303901757 0.020280116286706118 0.10894132394686838 -0.10639269097441757
leaf_weight=3.4469525367021552 2.0718341618776313 4.3166814856231275 3.8812766671180752 7.08024434745312 5.4898517578840318 2.938561648130416 4.9385758005082634 6.9056740999221775 4.2504889443516722 3.3911889493465441 5.603723593056201 7.491369791328907 3.7271979004144669 2.5641467794775945 2.4834986962378025 3.3885760679841033 2.542791683226822 2.8042753674089909 3.9010290428996086 4.4746262505650503 4.3440978676080704 4.0693662762641907 1.7685162536799905 3.2251502126455307 2.7848892472684383 4.3560945354402065 2.0710328742861748 1.7084736190736296
leaf_count=23 33 28 20 38 27 19 26 39 22 17 27 39 21 17 28 27 22 22 27 22 23 21 13 26 19 25 32 31
internal_value=0.000178206 0.00297586 -0.00630936 -0.00131466 -0.0125796 -0.0312194 0.0187923 0.00221618 0.0127871 -0.0148655 0.00125314 0.0267257 -0.023682 0.0289085 0.0615157 0.014227 -0.00522711 0.0567783 -0.0295123 0.0356956 0.0156376 0.0216702 0.0910276 -0.0895281 0.00302816 -0.00307976 0.112334 -0.106945
internal_weight=112.02 108.573 79.9478 76.1675 48.8175 28.1398 27.35 20.2697 20.6777 21.9761 16.4863 10.8826 7.97769 28.6254 8.88719 19.7382 13.5454 6.19285 9.22871 12.7 8.81872 15.3311 6.32305 6.16371 5.32768 8.42546 4.55453 3.78031
internal_count=734 711 476 412 263 155 149 111 108 110 83 56 43 235 90 145 96 49 68 65 45 85 73 45 41 46 60 64
is_linear=0
shrinkage=0.1


Tree=26
num_leaves=29
num_cat=0
split_feature=2 3 7 0 3 7 9 2 4 0 9 9 9 19 3 9 8 3 0 9 2 5 3 9 10 9 3 5
split_gain=2.52511 2.34675 2.06603 2.22356 2.20551 3.16874 2.54843 2.68458 2.03457 2.66218 1.69364 2.21335 2.1904 2.75895 1.9278 2.41707 1.67137 3.62389 2.63113 2.40161 2.79818 2.30232 2.12846 1.80944 1.26943 0.998298 0.338827 0.129134
threshold=168.50000000000003 168.50000000000003 0.45000000000000007 69.500000000000014 281.50000000000006 1.3500000000000003 66.600000000000009 148.50000000000003 1.0000000180025095e-35 51.500000000000007 70.90000000000002 75.850000000000009 64.250000000000014 1.0000000180025095e-35 222.50000000000003 85.250000000000014 1.0000000180025095e-35 244.50000000000003 44.500000000000007 77.050000000000011 136.50000000000003 166.50000000000003 262.50000000000006 83.850000000000009 1.0000000180025095e-35 90.850000000000009 220.50000000000003 168.50000000000003
decision_type=2 2 2 2 2 2 2 2 2 2 2 2 2 2 2 2 2 2 2 2 2 2 2 2 2 2 2 2
left_child=1 -1 10 4 8 6 -6 -8 16 -10 12 -12 13 -3 -13 27 18 24 -4 20 -20 -22 -19 -21 26 -25 -18 -16
right_child=-2 2 3 -5 5 -7 7 -9 9 -11 11 14 -14 -15 15 -17 17 22 19 23 21 -23 -24 25 -26 -27 -28 -29
leaf_value=-0.079370194430863128 0.089447084827556186 0.039910504700378518 0.048290098096104413 -0.066203993214853443 -0.058682616422107328 0.13884637502266711 0.0026804897461593837 0.1128844958168954 0.12691909982065094 0.0059457168489751803 0.062207129405592136 0.049891940175726089 -0.10682888547970981 -0.089901767115087738 -0.099699709491674796 0.011804585789183869 0.01123938328024684 -0.089138889062514021 -0.12776259136917864 0.039705510491499944 0.010453722351306975 -0.089910392043928339 0.018031501253195987 -0.072143768293180949 0.11151384013362897 0.0064144232340758505 0.057771366804272174 -0.070020485615960526
leaf_weight=3.8197973854839793 3.0794329531490794 3.7686574682593363 5.1447770372033146 3.7217750623822203 2.8329189177602521 3.01687142625451 5.1433719880878908 3.8763975948095322 2.9256692677736273 4.8095805011689663 4.0110183916986015 2.8835572674870482 4.4931676164269447 2.8948785364627838 2.9636867791414243 4.6009882390499115 3.0015800446271914 3.3936144188046447 4.1287754923105267 6.2611025273799878 5.7775243595242483 3.7817398123443127 4.0825516246259212 3.4785620644688606 3.3815619349479675 3.0237419158220291 3.269280344247818 2.9010000936686993
leaf_count=28 25 26 27 21 18 25 39 29 22 31 29 23 39 20 16 31 17 17 22 34 34 23 25 24 23 19 23 24
internal_value=0.00016482 -0.00239541 0.000443562 0.00914973 0.0130815 0.0473458 0.024056 0.0500425 0.00405748 0.0517009 -0.0224695 -0.00293286 -0.0528692 -0.0164846 -0.0225053 -0.0424526 -0.0035061 0.0216486 -0.0171427 -0.0298693 -0.0589656 -0.0292513 -0.0306158 0.00133501 0.0621292 -0.0356121 0.0354986 -0.0850187
internal_weight=110.468 107.388 103.568 75.0514 71.3296 14.8696 11.8527 9.01977 56.4601 7.73525 28.517 17.3603 11.1567 6.66354 13.3492 10.4657 48.7248 17.1286 31.5962 26.4514 13.688 9.55926 7.47617 12.7634 9.65242 6.5023 6.27086 5.86469
internal_count=734 709 681 473 452 111 86 68 341 53 208 123 85 46 94 71 288 105 183 156 79 57 42 77 63 43 40 40
is_linear=0
shrinkage=0.1


Tree=27
num_leaves=28
num_cat=0
split_feature=6 7 5 14 7 2 12 5 2 5 3 7 2 4 15 18 0 5 3 5 17 0 7 9 18 2 0
split_gain=2.29723 3.66075 1.9662 1.6392 2.57183 2.89275 1.54383 1.46238 1.4748 2.63346 2.17159 1.90348 1.73766 1.46101 1.29625 2.74047 1.16206 1.10842 1.56757 3.45757 1.96479 1.18324 0.65915 0.53795 0.483532 7.37335e-05 3.93193e-05
threshold=1.0000000180025095e-35 0.15000000000000005 151.50000000000003 1.0000000180025095e-35 0.95000000000000007 140.50000000000003 1.5000000000000002 163.50000000000003 144.50000000000003 170.50000000000003 251.50000000000003 0.55000000000000016 139.50000000000003 1.0000000180025095e-35 1.0000000180025095e-35 1.0000000180025095e-35 66.500000000000014 159.50000000000003 235.50000000000003 144.50000000000003 1.0000000180025095e-35 52.500000000000007 1.1500000000000001 82.15000000000002 1.0000000180025095e-35 149.50000000000003 51.500000000000007
decision_type=2 2 2 2 2 2 2 2 2 2 2 2 2 2 2 2 2 2 2 2 2 2 2 2 2 2 2
left_child=1 25 14 4 5 -4 -6 13 11 -10 -11 23 22 16 24 -16 17 18 20 -20 -3 -21 -13 -9 -2 26 -1
right_child=2 7 3 -5 6 -7 -8 8 9 10 -12 12 -14 -15 15 -17 -18 -19 19 21 -22 -23 -24 -25 -26 -27 -28
leaf_value=-0.10535378631905741 0.13046015461316568 -0.063712891992621257 -0.066229811906936636 -0.03828707008741495 0.12021042870712594 0.047129871669955636 0.014580425887103905 -0.10726855264741614 -0.065420595362187195 -0.013764181157904546 0.068598867925712473 0.03718612725348798 -0.069523396216129421 0.05963752342668454 -0.058422711410882816 0.1003986378279965 -0.039666949992837625 0.060022211414463726 0.088633715599850199 0.031038164430154905 0.02318176877004257 -0.03851209303500832 -0.019601679003788189 -0.046176819604052649 0.062750590183587612 -0.10670590841988788 -0.10619367884264266
leaf_weight=1.0786083824932573 2.5601180978119391 6.1716140657663399 4.4180617332458514 5.702590897679328 3.3990417495369902 4.5895679630339146 2.3335734345018864 3.7854147478938129 4.2966392859816578 6.7988936677575094 6.0496166050434113 4.3824410140514356 4.0222756192088118 5.0051222071051589 2.0579184368252754 2.3014661222696304 5.6486996710300437 3.829790621995925 5.2594476602971545 4.0363645255565626 4.4990974143147469 6.2086488604545593 3.8305181115865707 2.3276892080903053 1.7936016842722891 1.4385395497083662 1.1534565947949884
leaf_count=23 29 29 24 38 35 33 19 30 23 37 32 22 21 31 16 26 32 21 31 18 23 33 20 19 22 25 22
internal_value=0.000169635 -0.00860504 0.0241929 0.00723909 0.0248519 -0.00847078 0.0772117 -0.0039034 -0.0187351 0.00235209 0.0250158 -0.0384396 -0.0156728 0.0090441 0.0639701 0.0254244 0.00194171 0.00977491 0.00242303 0.0227249 -0.0270755 -0.0111105 0.0107003 -0.0840066 0.102566 -0.106148 -0.105788
internal_weight=108.979 79.8229 29.1559 20.4428 14.7402 9.00763 5.73262 76.1523 35.4935 17.1451 12.8485 18.3483 12.2352 40.6588 8.7131 4.35938 35.6537 30.005 26.1752 15.5045 10.6707 10.245 8.21296 6.1131 4.35372 3.6706 2.23206
internal_count=734 492 242 149 111 57 54 422 204 92 69 112 63 218 93 42 187 155 134 82 52 51 42 49 51 70 45
is_linear=0
shrinkage=0.1


Tree=28
num_leaves=27
num_cat=0
split_feature=2 3 6 11 7 0 5 7 15 2 2 0 2 10 1 3 8 7 0 7 9 8 9 0 15 9
split_gain=2.07612 1.95101 1.67422 1.43011 1.41433 2.44923 1.93241 1.9406 1.38986 1.33858 1.78594 1.64261 2.00508 1.52153 2.13674 1.1457 1.12351 1.24737 1.29072 0.991756 1.21202 1.30708 0.652028 0.599792 0.525885 0.00606926
threshold=168.50000000000003 164.00000000000003 1.0000000180025095e-35 1.0000000180025095e-35 0.25000000000000006 53.500000000000007 163.50000000000003 0.55000000000000016 1.0000000180025095e-35 128.50000000000003 136.50000000000003 66.500000000000014 141.50000000000003 1.0000000180025095e-35 1.0000000180025095e-35 247.50000000000003 1.5000000000000002 0.55000000000000016 52.500000000000007 0.8500000000000002 66.15000000000002 1.0000000180025095e-35 73.350000000000009 58.500000000000007 1.0000000180025095e-35 77.950000000000017
decision_type=2 2 2 2 2 2 2 2 2 2 2 2 2 2 2 2 2 2 2 2 2 2 2 2 2 2
left_child=1 -1 4 16 5 22 9 15 -5 -6 -11 12 -12 14 -14 -8 17 -4 -19 24 -21 -22 -3 -20 -9 -7
right_child=-2 2 3 8 6 25 7 19 -10 10 11 -13 13 -15 -16 -17 -18 18 23 20 21 -23 -24 -25 -26 -27
leaf_value=-0.078550404021169348 0.083092772244347676 0.038715430700476325 0.037139177080038076 0.025047799793992 0.065714244897860596 -0.11278579372034332 -0.10602181933406161 0.052350328801918304 0.13079804820413063 -0.038531122278954312 0.10103866181960369 -0.033122735760821455 0.056856290567717162 0.066153952763218643 -0.033001561302274995 -0.032376449271911814 0.062894238308210171 -0.058841947983801095 0.039849738650548035 -0.064573223101222821 -0.034334395966310917 0.036341153097949684 -0.036439008678857729 -0.019358594229868919 -0.00074382234158229651 -0.12172605850533635
leaf_weight=3.2396050281822673 2.9368553012609473 2.1383921541273585 6.0675902590155699 2.9518415704369536 4.2750583142042151 1.7709825150668623 3.3758951984345931 3.5862077325582531 2.1466169022023678 6.9853123947978046 3.4372304528951707 4.8873105496168128 4.0362788885831851 4.5356488786637774 7.6844755411148071 5.6442310325801373 3.4348998367786399 4.7552197724580747 3.2791696079075336 4.3145283609628668 5.65657691657543 4.8693232983350754 2.5087264664471149 3.5775800328701735 3.888015478849411 1.3292928412556646
leaf_count=24 25 25 34 34 21 26 25 19 34 32 17 27 24 31 39 39 33 32 28 22 27 23 28 28 22 15
internal_value=0.000172783 -0.00216036 0.00028657 0.0220388 -0.00732373 -0.047781 -0.00265781 -0.0207971 0.0695721 0.0132007 0.00608876 0.0187687 0.0316464 0.0169742 -0.00205719 -0.0599392 0.0105611 0.000393451 -0.0188073 -0.00497495 -0.0199362 -0.00163961 -0.00185636 0.00895718 0.0247313 -0.116619
internal_weight=107.313 104.376 101.136 26.2129 74.9235 7.74739 67.1761 31.3348 5.09846 35.8413 31.5663 24.5809 19.6936 16.2564 11.7208 9.02013 21.1145 17.6796 11.612 22.3147 14.8404 10.5259 4.64712 6.85675 7.47422 3.10028
internal_count=734 709 685 223 462 94 368 177 68 191 170 138 111 94 63 64 155 122 88 113 72 50 53 56 41 41
is_linear=0
shrinkage=0.1


Tree=29
num_leaves=30
num_cat=0
split_feature=5 3 5 9 7 2 0 9 3 2 5 0 9 9 19 3 3 9 19 2 6 0 0 7 20 7 5 3 21
split_gain=1.84584 3.456 1.85017 1.88759 1.72617 1.50959 1.3596 3.27479 3.286 2.14693 2.60717 2.2707 3.34136 4.66182 2.82064 2.43598 4.58817 1.66893 1.59999 3.02111 1.21474 1.02129 0.903567 0.892195 0.697119 0.613394 0.467526 0.0490357 4.5645e-05
threshold=143.50000000000003 278.50000000000006 128.50000000000003 74.850000000000009 0.15000000000000005 163.50000000000003 60.500000000000007 73.550000000000011 257.50000000000006 147.50000000000003 156.50000000000003 52.500000000000007 82.450000000000017 74.15000000000002 1.0000000180025095e-35 213.50000000000003 241.50000000000003 65.15000000000002 1.0000000180025095e-35 151.50000000000003 1.0000000180025095e-35 55.500000000000007 65.500000000000014 0.75000000000000011 1.0000000180025095e-35 0.75000000000000011 137.50000000000003 303.50000000000006 1.0000000180025095e-35
decision_type=2 2 2 2 2 2 2 2 2 2 2 2 2 2 2 2 2 2 2 2 2 2 2 2 2 2 2 2 2
left_child=1 2 -1 -4 20 6 9 -8 -9 11 -11 12 13 14 17 -13 -17 -6 19 -12 28 -18 27 -15 -14 -20 -5 -3 -2
right_child=4 22 3 26 5 -7 7 8 -10 10 18 15 24 23 -16 16 21 -19 25 -21 -22 -23 -24 -25 -26 -27 -28 -29 -30
leaf_value=-0.058784771492381108 -0.10561264819622047 0.1418697189364152 -0.019375485821599436 0.092679580183244098 0.013601950583074528 0.047683584828820125 -0.09268252083526933 -0.070124583860614501 0.057819024189324414 0.10529851975331353 -0.027159382363064363 -0.1156379996622339 0.10866726176731088 -0.11188602509002138 -0.027268835759310564 0.071269818735817878 -0.028918625209123774 0.10638884683517447 -0.051738497087771257 0.10694198468823667 0.0083295352327112417 -0.093807881684248459 0.045343235516030499 -0.042503147821737079 0.039209169900545821 0.0064951180012031741 0.034700334552580363 0.11727117528904968 -0.10480734262088631
leaf_weight=3.6944858022034195 1.652762195095419 1.6081966944038861 5.3390586134046298 2.7980981506407261 3.7182058170437866 5.4914307221770278 5.7524202242493621 3.3969232030212861 4.9073335267603397 3.5946540944278267 3.1300996877253038 3.4478618726134327 2.8487328551709643 3.6274413987994185 6.5085248239338398 3.8301140852272502 5.4560215920209867 4.0499664694070816 3.6470554545521736 3.6261823922395706 1.3986796513199804 4.3667934760451317 2.1058524772524834 3.7894608303904533 2.9323885776102543 3.5886462070047855 2.7652420066297054 1.633557630702853 1.2258833814412355
leaf_count=26 34 17 36 20 20 39 35 19 33 28 18 19 16 23 39 23 34 23 22 24 9 28 13 20 24 20 20 23 29
internal_value=0.000160949 0.0275698 0.00237414 0.023099 -0.00619642 -0.00295472 -0.00660312 -0.0346895 0.00548266 -0.000251971 0.0293352 -0.0119252 0.00588114 -0.0121214 0.0212911 -0.0405334 -0.0215667 0.0619768 0.00981956 0.0448145 -0.0681229 -0.0577655 0.096344 -0.0764368 0.0734357 -0.0228567 0.0638612 0.129474 -0.10527
internal_weight=105.932 19.9445 14.5969 10.9024 85.9876 81.7103 76.2188 14.0567 8.30426 62.1621 17.5866 44.5755 27.4747 21.6936 14.2767 17.1008 13.6529 7.76817 13.992 6.75628 4.27733 9.82282 5.34761 7.4169 5.78112 7.2357 5.56334 3.24175 2.87865
internal_count=734 155 102 76 579 507 468 87 52 381 112 269 165 125 82 104 85 43 84 42 72 62 53 43 40 42 40 40 63
is_linear=0
shrinkage=0.1


Tree=30
num_leaves=27
num_cat=0
split_feature=6 7 5 5 0 3 5 3 1 3 10 3 2 2 0 1 7 2 15 8 20 2 5 3 3 21
split_gain=1.64607 2.86384 1.47847 1.51956 1.75956 1.24075 1.40872 2.27823 1.20999 1.4459 1.07016 2.00411 1.69472 1.55334 1.52029 1.44558 1.61897 1.95303 1.85304 1.58332 1.64719 1.37077 1.06311 0.632271 0.334262 3.11099e-05
threshold=1.0000000180025095e-35 0.15000000000000005 151.50000000000003 161.50000000000003 41.500000000000007 219.50000000000003 189.50000000000003 280.50000000000006 1.0000000180025095e-35 262.50000000000006 1.0000000180025095e-35 215.50000000000003 143.50000000000003 156.50000000000003 62.500000000000007 1.0000000180025095e-35 0.35000000000000003 141.50000000000003 1.0000000180025095e-35 1.0000000180025095e-35 1.0000000180025095e-35 131.50000000000003 164.50000000000003 250.50000000000003 246.50000000000003 1.0000000180025095e-35
decision_type=2 2 2 2 2 2 2 2 2 2 2 2 2 2 2 2 2 2 2 2 2 2 2 2 2 2
left_child=1 25 8 24 -5 -6 7 -7 -2 -10 11 12 -3 14 21 19 -17 -18 -19 20 -13 -12 -23 -24 -4 -1
right_child=2 10 3 4 5 6 -8 -9 9 -11 13 15 -14 -15 -16 16 17 18 -20 -21 -22 22 23 -25 -26 -27
leaf_value=-0.10503139558216273 0.12217527888275126 -0.092076475030285113 -0.064420752141614343 0.098353565261526596 -0.061106887210328621 0.11046804994626723 -0.028633632862010011 -0.010064480995526122 0.0009938366166956196 0.10843284410824482 -0.031995682141696173 0.095479945118932499 -0.0057491136839826051 0.069401608303539114 -0.052704496420060115 -0.078997485664098227 0.034132366297816213 0.0070002268654584133 -0.076716511674898707 -0.017794699836511937 0.011772998246290741 0.064556648710715467 0.035091660723661114 -0.020899448091401138 -0.014201963613125644 -0.10437456796778388
leaf_weight=1.5878528524190179 2.1137486081570405 5.2042433433234674 2.6680115833878544 2.5581531487405291 2.1871135886758557 3.1556341201066953 3.497660867869854 3.1172228548675776 4.0805288217961788 1.8074372727423904 4.6970429345965483 3.9391572102904338 4.0388932228088379 4.0640277490019789 4.1160060390830031 3.7716770023107555 7.0114707760512855 5.4091437533497793 5.1721504926681519 6.628442980349063 5.8301706835627556 5.5060483776032916 4.102077975869177 3.967414878308773 2.6339049227535725 1.3210213631391525
leaf_count=36 25 30 19 17 16 34 18 23 34 34 26 22 24 28 22 28 37 33 28 37 31 33 22 21 22 34
internal_value=0.000168231 -0.00741825 0.0209938 0.00634517 0.0230803 0.00697672 0.0222171 0.0505708 0.0572738 0.0339745 -0.00356466 -0.0126192 -0.0543548 0.0125249 0.00220053 -0.00240349 -0.0195446 -0.00679859 -0.0339206 0.0199294 0.045525 0.0145682 0.030679 0.00756329 -0.0394729 -0.104733
internal_weight=104.186 76.3668 27.8194 19.8177 14.5158 11.9576 9.77052 6.27286 8.00171 5.88797 73.458 47.0053 9.24314 26.4526 22.3886 37.7622 21.3644 17.5928 10.5813 16.3978 9.76933 18.2726 13.5755 8.06949 5.30192 2.90887
internal_count=734 492 242 149 108 91 75 57 93 68 422 270 54 152 124 216 126 98 61 90 53 102 76 43 41 70
is_linear=0
shrinkage=0.1


Tree=31
num_leaves=28
num_cat=0
split_feature=7 2 8 0 5 9 2 2 17 3 3 7 9 4 3 9 2 9 9 15 2 2 0 5 3 3 2
split_gain=1.44675 2.57479 1.61401 2.44442 1.96833 1.36176 2.09019 1.87645 2.02265 2.49621 1.32441 2.30424 1.99365 1.52086 2.21403 2.57405 2.78697 1.90624 1.3004 1.35321 1.20488 1.08045 0.917427 0.903305 0.901546 0.512411 0.341309
threshold=0.75000000000000011 160.50000000000003 1.0000000180025095e-35 52.500000000000007 172.50000000000003 78.15000000000002 142.50000000000003 130.50000000000003 1.0000000180025095e-35 246.50000000000003 282.50000000000006 1.3500000000000003 74.450000000000017 1.0000000180025095e-35 243.50000000000003 73.250000000000014 136.50000000000003 74.850000000000009 89.15000000000002 1.0000000180025095e-35 138.50000000000003 145.50000000000003 58.500000000000007 164.50000000000003 248.50000000000003 240.50000000000003 165.50000000000003
decision_type=2 2 2 2 2 2 2 2 2 2 2 2 2 2 2 2 2 2 2 2 2 2 2 2 2 2 2
left_child=2 10 5 20 22 7 25 -1 9 -9 13 12 -12 14 15 16 -2 -16 19 -17 -4 -19 -5 -8 -15 -7 -3
right_child=1 26 3 4 -6 6 23 8 -10 -11 11 -13 -14 24 17 18 -18 21 -20 -21 -22 -23 -24 -25 -26 -27 -28
leaf_value=0.044153886778697096 -0.094013178654324236 0.060165088065148559 -0.031552631652141144 -0.07756240744856982 -0.13782272624184522 -0.049962456865106461 0.096473421441695226 -0.058916321816800725 -0.084035477799823899 0.041020172035374863 -0.040858699006524307 0.11086888736541578 0.065252139443093007 0.0086569142966994791 0.0049110626144000125 0.029897904606456478 0.020122295345162879 -0.039990636828210552 -0.010315148301067188 0.11506040401849874 0.050054993586795687 -0.11293048000441375 -0.0050025674997987348 0.027520273872409264 0.089285642814773483 0.0086141004083821332 0.11866433280239502
leaf_weight=4.0568128116428879 3.852985732257368 2.0275449939072128 3.8058342095464495 3.3872825764119607 2.9370612166821957 2.8297389186918718 3.5790145024657249 4.7608120348304492 5.0549376979470244 5.2617707941681147 3.9560053963214141 3.0132062863558531 3.2052550744265318 3.0623048339039078 5.191902980208396 4.5714103654026967 4.8103887960314751 4.558481249958275 3.3028481267392635 3.1524981968104839 3.4485138766467571 3.6625420562922955 3.5886301007121801 4.0495218317955732 2.5345810633152723 3.1622393392026424 1.9628984201699493
leaf_count=28 21 19 28 22 27 18 24 32 37 39 28 26 31 24 33 26 30 26 22 22 25 21 26 32 19 25 23
internal_value=0.000176258 0.0117052 -0.0120323 -0.0368689 -0.069149 0.000984954 0.025152 -0.016218 -0.0324619 -0.00645051 0.00539919 0.037504 0.00663466 -0.00304138 -0.0111927 0.0101522 -0.0306388 -0.042527 0.0422004 0.0646568 0.00724135 -0.072486 -0.0402353 0.0598704 0.0451701 -0.0190489 0.0889409
internal_weight=102.787 52.8649 49.9222 17.1673 9.91297 32.7548 13.6205 19.1343 15.0775 10.0226 48.8744 10.1745 7.16126 38.6999 33.1031 19.6901 8.66337 13.4129 11.0268 7.72391 7.25435 8.22102 6.97591 7.62854 5.59689 5.99198 3.99044
internal_count=734 371 363 128 75 235 99 136 108 71 329 85 59 244 201 121 51 80 70 48 53 47 48 56 43 43 42
is_linear=0
shrinkage=0.1


Tree=32
num_leaves=29
num_cat=0
split_feature=5 3 1 9 2 14 21 7 0 2 9 3 8 7 2 2 7 7 0 5 13 3 5 0 5 0 7 5
split_gain=1.36103 2.78613 1.62223 2.15597 2.36292 1.3411 3.1273 1.67035 1.62 1.6206 2.37009 2.22989 1.52398 2.6726 1.4895 1.39152 1.37945 2.4678 1.00209 0.954055 1.16683 1.01047 1.15553 1.00723 0.924838 0.881566 0.530455 0.0429726
threshold=143.50000000000003 278.50000000000006 1.0000000180025095e-35 75.300000000000026 152.50000000000003 1.0000000180025095e-35 1.0000000180025095e-35 1.7500000000000002 41.500000000000007 147.50000000000003 70.550000000000011 207.50000000000003 1.0000000180025095e-35 0.65000000000000002 150.50000000000003 157.50000000000003 0.55000000000000016 1.2500000000000002 52.500000000000007 182.50000000000003 1.0000000180025095e-35 236.50000000000003 154.50000000000003 49.500000000000007 164.50000000000003 66.500000000000014 2.0500000000000003 132.50000000000003
decision_type=2 2 2 2 2 2 2 2 2 2 2 2 2 2 2 2 2 2 2 2 2 2 2 2 2 2 2 2
left_child=1 2 -1 -4 -5 7 16 8 -2 19 15 -12 13 -13 -8 -11 18 -18 -7 20 21 -10 -23 -21 -24 27 -9 -3
right_child=5 25 3 4 -6 6 14 26 9 10 11 12 -14 -15 -16 -17 17 -19 -20 23 -22 22 24 -25 -26 -27 -28 -29
leaf_value=0.055926721158467377 0.049101709736053878 0.13811148563496897 -0.086331876268317717 0.059555126862304353 -0.060287523236602851 0.0038531962401446729 -0.10166935988188751 0.084105880996986848 0.031031816148466798 -0.07879484135552163 0.13374198674678825 0.10272967955696106 -0.033329629768188367 -0.015951343979910125 -0.015609334983918505 0.014697269329986027 0.075740254406559973 -0.034721331410444041 -0.080139384274188305 -0.026122786758242957 -0.059789661618064219 -0.0706903511594386 0.032541715753650884 -0.10613639749048326 -0.033482514141807772 0.037303085966235931 0.023714865760768904 0.11367186639419345
leaf_weight=4.0056127831339845 5.3782973848283282 1.3428012002259486 3.2532170712947845 4.1839309707283974 2.7114306762814522 3.1334037799388179 5.8680552169680595 2.8637800291180602 5.9783384874463179 3.5184168759733465 2.0377026423811904 3.9334170762449485 3.6239340640604496 3.6658218018710613 3.0597608648240566 2.9075955636799335 4.8360984139144403 3.4763189516961575 2.5983132440596819 4.0526487082242957 4.4330845717340699 3.202897608280181 4.2786045819520933 2.571548018604517 4.208289161324501 1.8974243402481077 2.9555295743048191 1.5498324204236267
leaf_count=34 35 16 16 33 19 21 39 20 39 28 13 28 30 26 21 22 34 21 23 30 27 18 27 25 29 12 23 25
internal_value=0.000175439 0.0243494 0.00203993 -0.019229 0.01243 -0.00537007 -0.0258981 0.00254086 -0.00296502 -0.0087493 0.0133513 0.0375048 0.0200317 0.0454788 -0.0721747 -0.0364922 0.00351971 0.0295443 -0.0342225 -0.0238959 -0.0139186 -0.00240921 -0.0195115 -0.0571845 -0.000196888 0.0902721 0.0534343 0.125017
internal_weight=101.526 18.9442 14.1542 10.1486 6.89536 82.5819 22.972 59.6099 53.7906 48.4123 19.6869 13.2609 11.2232 7.59924 8.92782 6.42601 14.0441 8.31242 5.73172 28.7254 22.1012 17.6681 11.6898 6.6242 8.48689 4.79006 5.81931 2.89263
internal_count=734 155 102 68 52 579 159 420 377 342 147 97 84 54 60 50 99 55 44 195 140 113 74 55 56 53 43 41
is_linear=0
shrinkage=0.1


Tree=33
num_leaves=29
num_cat=0
split_feature=6 11 15 14 18 7 5 3 2 21 7 3 2 9 9 1 19 7 7 2 2 0 5 3 0 7 0 7
split_gain=1.32694 1.24617 1.39896 1.16401 2.03113 1.76629 0.900858 1.32589 2.41693 2.22624 1.67375 1.03259 1.93033 1.19999 2.02545 1.2608 1.8125 1.76164 1.40295 1.64164 2.75312 1.17179 2.27587 1.05591 1.03819 0.803894 0.635982 0.511616
threshold=1.0000000180025095e-35 1.0000000180025095e-35 1.0000000180025095e-35 1.0000000180025095e-35 1.0000000180025095e-35 1.0500000000000003 180.50000000000003 232.50000000000003 146.50000000000003 1.0000000180025095e-35 0.95000000000000007 303.50000000000006 147.50000000000003 95.350000000000009 90.550000000000011 1.0000000180025095e-35 1.0000000180025095e-35 0.95000000000000007 1.7500000000000002 138.50000000000003 131.50000000000003 54.500000000000007 164.50000000000003 250.50000000000003 61.500000000000007 0.75000000000000011 52.500000000000007 0.8500000000000002
decision_type=2 2 2 2 2 2 2 2 2 2 2 2 2 2 2 2 2 2 2 2 2 2 2 2 2 2 2 2
left_child=6 3 -3 4 26 -5 11 10 9 -9 -8 13 -13 14 15 16 23 -18 19 20 -17 -21 24 -1 -23 -6 -2 -28
right_child=1 2 -4 5 25 -7 7 8 -10 -11 -12 12 -14 -15 -16 18 17 -19 -20 21 -22 22 -24 -25 -26 -27 27 -29
leaf_value=0.014386651200892648 -0.042923752752151725 0.020971959804686201 0.12842265288868385 0.023461610237880133 0.030909619856807371 -0.090483808022547976 -0.11900759995659377 -0.12278933900446549 0.057246488005729283 0.011751940235035022 -0.003719679814798706 0.093314929532269664 -0.011332670521052843 -0.061212217578806717 0.073718148771044892 -0.045479460673503454 0.010991921385222718 0.10266598000127872 0.040538150825826319 -0.085200113883193082 0.059459584296076021 0.050069460841157258 -0.099882983618516996 -0.055314897635667729 -0.033052953379346231 0.096837238499415335 0.041237071649076112 -0.022299256083976832
leaf_weight=4.5023020766675472 3.5752912200987428 3.0229839980602256 2.0222233813256025 2.8403123263269654 4.1158698722720137 2.6109569258987904 2.9602355137467375 2.3012451808899623 3.552839258685708 2.6417115181684494 2.1915818378329277 3.1163835469633332 4.0578683242201805 3.7017788123339406 3.2819930091500273 5.5055824313312822 5.6978998500853777 3.3160787597298622 3.2948465868830672 5.798179153352975 4.5796758700162172 2.9485093075782043 2.9211722034960985 4.2017061486840248 3.0640672743320465 3.3589409105479717 2.7612869348376989 2.3425166457891464
leaf_count=26 25 37 37 21 27 21 36 23 23 24 12 18 25 22 23 32 37 19 19 36 25 23 20 27 22 34 20 20
internal_value=0.000171726 0.0192921 0.0640404 0.00884259 0.0223263 -0.031114 -0.00674838 -0.0299377 -0.00566581 -0.0508852 -0.0699641 -0.00147268 0.0341246 -0.00630823 -0.00216989 -0.0076044 0.0132879 0.0447171 -0.0207721 -0.0289119 0.00217294 -0.0501921 -0.0274713 -0.0192605 0.00770947 0.0605354 -0.010581 0.0120755
internal_weight=100.286 26.6504 5.04521 21.6052 16.1539 5.45127 73.6357 13.6476 8.4958 4.94296 5.15182 59.988 7.17425 52.8138 49.112 45.83 17.718 9.01398 28.112 24.8172 10.0853 14.7319 8.93375 8.70401 6.01258 7.47481 8.67909 5.1038
internal_count=734 242 74 168 126 42 492 118 70 47 48 374 43 331 309 286 109 56 177 158 57 101 65 53 45 61 65 40
is_linear=0
shrinkage=0.1


Tree=34
num_leaves=29
num_cat=0
split_feature=3 7 6 9 9 9 5 5 3 2 3 9 9 9 1 5 5 9 10 3 7 5 3 7 3 5 2 5
split_gain=1.3173 1.19609 1.60013 0.908969 1.02336 1.48404 1.41872 2.65702 2.14608 1.0371 1.3157 1.84844 3.04792 2.1498 2.73022 1.58932 2.26661 1.47129 1.41034 1.95258 1.30031 1.24125 1.08047 0.973151 0.820606 0.317449 1.45789e-05 1.05225e-05
threshold=162.50000000000003 0.15000000000000005 1.0000000180025095e-35 49.150000000000006 56.150000000000006 60.400000000000006 128.50000000000003 140.50000000000003 246.50000000000003 156.50000000000003 242.50000000000003 85.250000000000014 80.050000000000011 70.550000000000011 1.0000000180025095e-35 164.50000000000003 177.50000000000003 93.050000000000011 1.0000000180025095e-35 213.50000000000003 0.75000000000000011 159.50000000000003 222.50000000000003 0.75000000000000011 238.50000000000003 137.50000000000003 149.50000000000003 166.50000000000003
decision_type=2 2 2 2 2 2 2 2 2 2 2 2 2 2 2 2 2 2 2 2 2 2 2 2 2 2 2 2
left_child=-1 2 26 -3 -5 -6 -7 8 -8 10 18 12 13 14 -12 -15 -17 -13 19 21 -11 -9 -20 -21 -22 -10 27 -2
right_child=1 3 -4 4 5 6 7 9 25 20 11 17 -14 15 -16 16 -18 -19 22 23 24 -23 -24 -25 -26 -27 -28 -29
leaf_value=-0.066621217578412412 -0.10425949434461196 0.066393497142511845 0.025016292478559202 -0.044705775622202404 0.067780327924049949 -0.052278275764849336 0.0046409895368694073 -0.087892389291842385 0.08351258287507328 -0.001295025454996841 -0.004028548200408627 0.06452560644185959 -0.12450717321585938 0.049971127895444299 -0.11008795592462982 -0.073867889892334546 0.035475371665131296 -0.023697632126467215 0.067516132985857305 -0.011659493434392126 0.020439521167010199 -0.0071401637677101981 -0.002392721777320046 0.055148342395546869 0.10736212259270073 0.13988162482029792 -0.10450986918778359 -0.10371068200045477
leaf_weight=2.8682209681719533 0.74637954123318129 2.3107947651296845 1.616321958601475 4.303987242281436 3.6361738946288815 4.4711634442210189 3.4485354125499716 3.4347990453243282 1.9561364054679873 6.1425127349793893 5.1278858631849342 4.1732474379241458 3.0981405489146701 5.3116096556186658 4.6084700413048267 3.9460911378264427 3.6487454771995544 3.4555259644985199 6.0459808111190814 3.8971638306975347 1.9125119373202322 4.2696311268955469 3.4852008521556854 4.9493702333420515 2.5134867541491985 2.0419535282999277 0.95033276453614224 0.65677381306886673
leaf_count=23 20 14 10 25 24 32 25 16 24 37 34 27 25 38 31 23 24 24 38 25 15 30 24 37 29 16 24 20
internal_value=0.00015998 0.00215192 -0.0515935 0.00446629 0.00287412 0.00526717 0.00249302 0.00565425 0.0624442 -0.000385321 -0.00551656 -0.0186685 -0.0314813 -0.0187528 -0.0542292 0.00800982 -0.0213367 0.024564 0.0113102 -0.00633606 0.0284798 -0.0431412 0.041953 0.0257175 0.0698021 0.112302 -0.104207 -0.104003
internal_weight=99.0271 96.1589 3.96981 92.1891 89.8783 85.5743 81.9382 77.467 7.44663 70.0204 59.4519 33.3697 25.7409 22.6428 9.73636 12.9064 7.59484 7.62877 26.0821 16.551 10.5685 7.70443 9.53118 8.84653 4.426 3.99809 2.35349 1.40315
internal_count=734 711 74 637 623 598 574 542 65 477 396 226 175 150 65 85 47 51 170 108 81 46 62 62 44 40 64 40
is_linear=0
shrinkage=0.1


Tree=35
num_leaves=31
num_cat=0
split_feature=3 7 6 6 8 0 17 3 7 2 10 3 2 1 5 9 3 9 0 8 20 18 19 20 7 19 3 5 3 9
split_gain=1.09132 1.02836 1.47089 0.668275 1.26551 2.10645 0.995582 1.50264 1.20683 1.08181 0.977253 1.37382 1.37162 1.18375 1.96336 1.49575 1.68409 1.84784 1.53838 1.10447 1.09184 0.831851 0.736142 0.683608 0.673614 0.496417 0.441109 0.00773282 0.000764485 1.06823e-05
threshold=162.50000000000003 0.15000000000000005 1.0000000180025095e-35 1.0000000180025095e-35 1.0000000180025095e-35 42.500000000000007 1.0000000180025095e-35 270.50000000000006 0.65000000000000002 150.50000000000003 1.0000000180025095e-35 219.50000000000003 138.50000000000003 1.0000000180025095e-35 176.50000000000003 66.350000000000009 235.50000000000003 77.250000000000014 58.500000000000007 1.0000000180025095e-35 1.0000000180025095e-35 1.0000000180025095e-35 1.0000000180025095e-35 1.0000000180025095e-35 0.65000000000000002 1.0000000180025095e-35 277.50000000000006 172.50000000000003 243.50000000000003 78.350000000000009
decision_type=2 2 2 2 2 2 2 2 2 2 2 2 2 2 2 2 2 2 2 2 2 2 2 2 2 2 2 2 2 2
left_child=-1 2 29 10 6 -6 8 -8 -5 25 13 -12 -13 19 15 -15 -17 -18 -19 23 -21 -14 -16 -3 -7 -10 -23 28 -26 -2
right_child=1 3 -4 4 5 24 7 -9 9 -11 11 12 21 14 22 16 17 18 -20 20 -22 26 -24 -25 27 -27 -28 -29 -30 -31
leaf_value=-0.061259540412215908 -0.10363091136781609 0.057149073744431837 0.0223019597906737 0.041639552082634007 -0.03586937021244678 0.027314513942136028 0.093257484185447048 -0.019727181570111333 -0.034360698436268565 -0.073768169781989773 0.057732075388017216 -0.046738348560708166 0.045152209608123432 -0.078001517749498095 -0.04095101359734496 -0.044369877664378832 0.086945963963694015 -0.048189471470276878 0.037262984130288078 -0.057410815001104565 0.02083036161817917 0.015417970850091318 -0.11705068506463086 0.0077931464722202281 0.10861264995189744 0.029653494306940031 -0.032302804805343768 0.11674632118128357 0.10510375486733947 -0.10410181697093859
leaf_weight=2.8104731757193795 1.4043625351041549 4.8132681399583834 1.6309177279472353 3.0296178031712833 1.8764168601483096 1.3342625461518762 2.593564946204423 2.1553029883652925 2.340242385864256 3.5669086929410696 5.783621862530711 4.415353991091254 6.0481307134032223 2.7789558023214402 2.5099137462675563 5.5411507859826115 3.2273045927286139 3.8939155563712102 4.5902818068861961 3.8932621553540221 3.29142726957798 4.7728067860007286 2.5755263082683086 6.7300895117223263 1.3510779328644282 2.511472100391984 3.2600887268781662 1.2071641646325586 1.1489082127809522 0.73324009403586377
leaf_count=23 44 28 10 23 11 12 25 21 22 27 35 26 39 16 19 28 19 22 25 22 21 29 26 37 23 19 20 12 30 20
internal_value=0.000152762 0.00196942 -0.0492221 0.0040838 0.0187762 0.0545792 0.0034846 0.0419787 -0.0124832 -0.0319604 -0.000901347 0.0151935 0.00189211 -0.00981414 -0.0240024 -0.00991533 0.00105159 0.0225422 -0.00195636 0.00921445 -0.0215672 0.017141 -0.0794918 0.0283732 0.0882442 -0.00122399 -0.00394914 0.110174 0.107 -0.103792
internal_weight=97.819 95.0086 3.76852 91.24 23.1149 6.91783 16.1971 4.74887 11.4482 8.41862 68.1251 24.28 18.4964 43.8451 25.117 20.0316 17.2527 11.7115 8.4842 18.728 7.18469 14.081 5.08544 11.5434 5.04141 4.85171 8.0329 3.70715 2.49999 2.1376
internal_count=734 711 74 637 225 88 137 46 91 68 412 149 114 263 155 110 94 66 47 108 43 88 45 65 77 41 49 65 53 64
is_linear=0
shrinkage=0.1


Tree=36
num_leaves=31
num_cat=0
split_feature=7 6 4 7 15 14 5 21 2 3 0 10 9 9 0 9 3 9 9 5 0 7 2 15 2 5 2 9 2 5
split_gain=0.943414 1.39888 0.844154 1.16573 1.54888 0.854744 3.27393 2.38085 2.12039 1.67102 1.80954 1.44459 1.58224 1.51846 2.00203 1.49143 1.71728 1.55472 1.42378 1.21691 1.14427 1.11141 1.09909 0.835297 0.598066 0.461167 0.409906 0.392774 9.53677e-06 8.80479e-06
threshold=0.15000000000000005 1.0000000180025095e-35 1.0000000180025095e-35 0.55000000000000016 1.0000000180025095e-35 1.0000000180025095e-35 178.50000000000003 1.0000000180025095e-35 150.50000000000003 306.50000000000006 41.500000000000007 1.0000000180025095e-35 69.450000000000017 86.450000000000017 54.500000000000007 80.050000000000011 230.50000000000003 85.350000000000009 82.450000000000017 160.50000000000003 49.500000000000007 0.8500000000000002 145.50000000000003 1.0000000180025095e-35 147.50000000000003 157.50000000000003 143.50000000000003 70.550000000000011 150.50000000000003 168.50000000000003
decision_type=2 2 2 2 2 2 2 2 2 2 2 2 2 2 2 2 2 2 2 2 2 2 2 2 2 2 2 2 2 2
left_child=1 28 5 -4 27 9 7 18 -9 10 -2 12 20 14 23 16 -14 -17 21 -18 -12 -7 -22 -13 -19 -6 -16 -5 29 -1
right_child=2 -3 3 4 25 6 -8 8 -10 -11 11 13 15 -15 26 17 19 24 -20 -21 22 -23 -24 -25 -26 -27 -28 -29 -30 -31
leaf_value=-0.10345349849939454 0.053235321468208023 0.019905341598740876 -0.023868564447099411 0.049982182054819253 0.036334377865779671 0.037274420161147008 -0.10217418592768795 -0.10280938069943379 0.015648392779339552 0.062665009862750393 -0.013946388111402672 -0.043759901371517584 0.080094727286985912 -0.046656472019989015 0.093144499565626926 -0.09158964113348006 0.032831004851189526 -0.037450943002866541 0.081130739328781135 -0.049849142701324636 -0.13050394344908656 -0.033348538249692347 -0.038701508369560982 0.022694914759470299 0.025384494268248292 -0.026249958146390084 0.044817401222173106 0.10450814498121851 -0.10365722638267111 -0.10294053300213563
leaf_weight=0.71033043228089743 5.6142005939036599 1.6438292264938357 3.5939718410372725 2.4358252901583892 2.0941561963409185 4.7344782780855947 3.8608787078410378 3.4941567517817012 2.6625059302896261 4.5674856137484303 3.8485313877463359 3.3531527966260928 3.3439246769994515 3.2350124325603238 3.3085399530827999 3.1207531876862031 3.7180611472576857 2.9094169046729803 3.2715768944472066 3.4153906833380461 2.6791101470589638 4.2097196131944656 2.5411142949014902 4.3388390578329563 3.1599054299294949 2.6895878240466118 3.7380647975951433 2.8867896795272827 0.74892340600490559 0.63261864520609379
leaf_count=23 34 10 24 14 22 27 28 23 21 37 24 19 21 23 22 21 26 23 26 23 20 27 23 27 19 21 28 31 23 24
internal_value=0.000146069 -0.0491256 0.00212898 0.0250466 0.0424415 -0.00183916 -0.018465 -0.000873905 -0.0515812 0.00465825 -0.000405297 -0.00685253 -0.0207607 0.0153839 0.0290013 -0.00482688 0.0209637 -0.03423 0.0246822 -0.00675502 -0.0553166 0.00403468 -0.0858161 -0.00627458 -0.00473658 0.00114728 0.0675081 0.079555 -0.103371 -0.103212
internal_weight=96.5609 3.7357 92.8252 13.7003 10.1064 79.1248 22.2333 18.3724 6.15666 56.8915 52.324 46.7098 28.7362 17.9736 14.7386 19.6675 10.4774 9.19008 12.2158 7.13345 9.06876 8.9442 5.22022 7.69199 6.06932 4.78374 7.0466 5.32261 2.09187 1.34295
internal_count=734 80 654 112 88 542 152 124 44 390 353 319 200 119 96 133 70 63 80 49 67 54 43 46 42 43 50 45 70 47
is_linear=0
shrinkage=0.1


Tree=37
num_leaves=27
num_cat=0
split_feature=3 6 9 9 9 9 19 3 7 9 11 3 5 3 3 9 10 11 15 18 8 9 9 5 7 7
split_gain=0.963718 0.809377 1.35323 1.03844 1.48786 1.64599 2.38607 1.0444 2.33018 2.04726 1.08957 1.67937 1.31677 1.36161 2.48356 1.34018 1.27485 0.960469 1.07708 0.955824 0.909591 1.05022 1.22806 1.66344 0.742626 0.334857
threshold=160.50000000000003 1.0000000180025095e-35 49.150000000000006 56.150000000000006 60.400000000000006 66.15000000000002 1.0000000180025095e-35 283.50000000000006 0.65000000000000002 79.750000000000014 1.0000000180025095e-35 205.50000000000003 147.50000000000003 259.50000000000006 244.50000000000003 78.15000000000002 1.0000000180025095e-35 1.0000000180025095e-35 1.0000000180025095e-35 1.0000000180025095e-35 1.5000000000000002 67.800000000000026 83.15000000000002 160.50000000000003 0.75000000000000011 1.0500000000000003
decision_type=2 2 2 2 2 2 2 2 2 2 2 2 2 2 2 2 2 2 2 2 2 2 2 2 2 2
left_child=-1 2 -2 -4 -5 6 -6 10 9 -9 11 24 -13 14 15 -14 -15 20 -19 -12 21 -3 23 -23 -7 -24
right_child=1 17 3 4 5 7 -8 8 -10 -11 19 12 13 16 -16 -17 -18 18 -20 -21 -22 22 25 -25 -26 -27
leaf_value=-0.062424695324142902 0.083470255627390605 0.04659551255509084 -0.057866511778651902 0.065033453360498358 -0.088663116368102868 -0.0050150168153600076 0.019478109151966124 -0.072907069981876585 0.080489140699059325 0.049695953804299378 -0.013866031443190744 0.01318160786600873 -0.092509427754556853 -0.1276922847003342 0.029786622545064291 -0.010876213347922631 -0.03264153245606715 0.021353635813287829 0.12490410295597931 0.048351556632782428 0.058223629610803553 0.013419663722955428 0.054838480679794389 -0.073095091457121467 0.066307962305751894 -0.00044012978532510371
leaf_weight=2.4009517077356568 1.7307944186031807 3.6744518857449391 3.6613931041210881 3.0512647293508044 5.2963269203901273 2.7962285466492203 3.3188741430640221 2.907568868249653 4.7080875635147095 2.5621621813625097 4.3160178158432227 6.1238199435174492 4.6956865880638379 2.8930309582501641 5.3950533978641024 3.5176123846322298 2.7546174898743629 2.6629849076271048 1.6128510730341075 5.7703855745494366 3.0843539899215093 3.9789790082722885 2.388770753517746 5.0343007333576679 3.0546199008822441 2.0246170833706856
leaf_count=19 12 28 26 19 37 25 21 25 36 15 31 34 37 26 33 26 19 36 36 38 36 33 22 27 18 19
internal_value=0.000128458 0.00174311 -0.00382905 -0.00609022 -0.0030888 -0.00654677 -0.0470034 0.000221696 0.0289155 -0.0154767 -0.00684658 -0.0160753 -0.0272092 -0.0400543 -0.0229237 -0.0575473 -0.0813317 0.0173593 0.060413 0.0217284 0.00823932 -0.000775837 -0.0137399 -0.0349025 0.0322214 0.0294797
internal_weight=95.4158 93.0149 68.5535 66.8228 63.1614 60.1101 8.6152 51.4949 10.1778 5.46973 41.3171 31.2307 25.3798 19.256 13.6084 8.2133 5.64765 24.4613 4.27584 10.0864 20.1855 17.1011 13.4267 9.01328 5.85085 4.41339
internal_count=734 715 478 466 440 421 58 363 76 40 287 218 175 141 96 63 45 237 72 69 165 129 101 60 43 41
is_linear=0
shrinkage=0.1


Tree=38
num_leaves=29
num_cat=0
split_feature=7 6 4 7 15 20 14 5 21 2 3 0 3 9 5 9 9 5 17 2 7 3 3 21 2 5 2 5
split_gain=0.802394 1.22018 0.649315 0.944052 1.37464 0.927792 0.753881 2.8553 1.91883 1.6873 1.34879 1.44753 1.15117 1.65208 1.2223 1.72252 1.13882 1.05441 2.3312 2.30261 1.00339 0.907543 0.839761 0.719177 0.542897 0.408529 7.60796e-06 6.4667e-06
threshold=0.15000000000000005 1.0000000180025095e-35 1.0000000180025095e-35 0.55000000000000016 1.0000000180025095e-35 1.0000000180025095e-35 1.0000000180025095e-35 178.50000000000003 1.0000000180025095e-35 150.50000000000003 306.50000000000006 41.500000000000007 259.50000000000006 75.15000000000002 148.50000000000003 88.65000000000002 82.450000000000017 166.50000000000003 1.0000000180025095e-35 133.50000000000003 0.8500000000000002 276.50000000000006 278.50000000000006 1.0000000180025095e-35 140.50000000000003 157.50000000000003 149.50000000000003 168.50000000000003
decision_type=2 2 2 2 2 2 2 2 2 2 2 2 2 2 2 2 2 2 2 2 2 2 2 2 2 2 2 2
left_child=1 26 6 -4 5 -5 10 8 16 -10 11 -2 14 21 23 17 20 19 24 -16 -8 -14 -15 -13 -19 -6 27 -1
right_child=2 -3 3 4 25 -7 7 -9 9 -11 -12 12 13 22 15 -17 -18 18 -20 -21 -22 -23 -24 -25 -26 -27 -28 -29
leaf_value=-0.10302072034448935 0.048589993212446579 0.015264928832208136 -0.02188553248842438 0.025611540308525794 0.033138032240736325 0.11208379124374075 0.035438214728293359 -0.097610666419496284 -0.092663765332893513 0.013597173116501131 0.057711913668955277 0.0021400275989238793 -0.10317194180461227 -0.020423225722362957 -0.011713857797108315 -0.047168924883619102 0.073937838776165651 0.079465479563624833 -0.054182315115684422 0.096406726524622885 -0.031810304987804801 -0.032103635182731877 0.046012984683658123 -0.057607863325612622 0.020061055623282635 -0.02650805226262597 -0.10322312219292129 -0.10253709069404189
leaf_weight=0.62373348511755355 5.4828102923929682 1.6610206589102745 3.5352296605706206 2.1896567661315185 2.0284728016704321 2.8632992953062057 4.7253068014979416 3.682410178706049 3.459929607808589 2.6303768251091242 4.4037281461060038 4.0505472943186778 3.1225138753652564 5.4801779091358167 3.1388113386929088 3.424192499369382 3.1353838052600613 2.6818799600005132 3.7549762818962336 5.2883257679641247 4.1826718226075172 4.2324367072433233 2.9144084919244051 4.0081072822213173 3.6083188243210316 2.6464568134397268 0.71913459524512302 0.4965968132019043
leaf_count=23 34 10 24 17 22 28 27 28 23 21 37 32 21 37 17 25 26 14 29 36 27 31 26 24 27 21 25 22
internal_value=0.000113245 -0.0468658 0.00192695 0.0223708 0.0384541 0.0746118 -0.00157594 -0.0173294 -0.00102663 -0.0467701 0.0046063 3.75514e-05 -0.00578688 -0.0276741 0.00572079 0.0179754 0.0221058 0.0300511 0.00816813 0.0561356 0.0038622 -0.0622754 0.00264191 -0.0275766 0.0453886 -0.00062735 -0.102969 -0.102806
internal_weight=94.1709 3.50049 90.6704 13.2631 9.72789 5.05296 77.4073 21.8161 18.1337 6.09031 55.5912 51.1875 45.7047 15.7495 29.9552 21.8965 12.0434 18.4723 10.0452 8.42714 8.90798 7.35495 8.39459 8.05865 6.2902 4.67493 1.83946 1.12033
internal_count=734 80 654 112 88 45 542 152 124 44 390 353 319 115 204 148 80 123 70 53 54 52 63 56 41 43 70 45
is_linear=0
shrinkage=0.1


Tree=39
num_leaves=28
num_cat=0
split_feature=6 9 9 11 5 3 7 1 2 0 4 3 3 9 1 0 3 7 3 2 20 0 9 9 19 15 5
split_gain=0.826406 1.10922 1.02126 1.31466 0.944381 1.32025 1.27901 0.897288 0.727487 0.586976 1.7204 1.7881 1.28605 1.20506 2.71596 2.61097 2.16168 1.75091 1.69844 1.45974 3.07213 1.15275 1.11089 1.73702 1.94278 0.624297 0.367998
threshold=1.0000000180025095e-35 94.350000000000009 89.15000000000002 1.0000000180025095e-35 151.50000000000003 245.50000000000003 1.2500000000000002 1.0000000180025095e-35 139.50000000000003 52.500000000000007 1.0000000180025095e-35 276.50000000000006 258.50000000000006 68.850000000000009 1.0000000180025095e-35 58.500000000000007 256.50000000000006 0.75000000000000011 278.50000000000006 154.50000000000003 1.0000000180025095e-35 60.500000000000007 82.450000000000017 63.250000000000007 1.0000000180025095e-35 1.0000000180025095e-35 162.50000000000003
decision_type=2 2 2 2 2 2 2 2 2 2 2 2 2 2 2 2 2 2 2 2 2 2 2 2 2 2 2
left_child=9 2 3 4 5 -2 7 -6 -5 10 11 12 22 17 16 19 -15 26 21 20 -16 -17 23 -1 -25 -23 -11
right_child=1 -3 -4 8 6 -7 -8 -9 -10 13 -12 -13 -14 14 15 18 -18 -19 -20 -21 -22 25 -24 24 -26 -27 -28
leaf_value=0.04548652235591686 0.091250702159876948 0.090115686611174264 -0.051244050671746838 0.026300893056555558 0.0076358468049870926 -0.011580721168328647 0.048323447916369583 -0.054165390395939407 0.12277583300186085 -0.12413262556808734 0.06990783493432795 0.07039468188423377 -0.063048860915471544 0.10757082191100885 0.039730224334333826 0.037135863862364484 -0.0054435319590044554 -0.0079668919156106709 0.064767908852547448 -0.12335284312829511 -0.096304261962418758 -0.0055289139655575843 0.048554415579976556 0.0080997690323326085 -0.077919138387758463 -0.068946414362928823 -0.065739901457195091
leaf_weight=3.61300005950035 2.6588875520974531 1.852975240908562 2.4570406079292288 1.498449428007006 4.2628552019596082 2.3538690041750669 3.0163636170327655 5.2335404381155968 1.6338929664343593 1.8600613735616187 3.6083441693335763 2.8571600876748553 4.2570925932377568 3.4770760033279684 3.0071374950930494 2.9601952135562879 3.2976017948240042 6.2102685868740082 3.8676857631653538 2.6222678646445274 3.7061733081936836 2.9701843280345201 3.5082373060286036 5.2527530947700125 5.2498006224632263 3.2517166305333376 2.5710889864712954
leaf_count=24 27 26 21 22 32 26 25 30 33 19 33 20 30 25 29 19 22 36 30 23 23 22 24 34 33 19 27
internal_value=0.000107657 0.0156716 0.00970392 0.0169531 0.00628801 0.0429636 -0.00840463 -0.0264233 0.0766242 -0.00559464 0.00540263 -0.00400624 -0.0137214 -0.0134268 -0.00291542 -0.0197046 0.0525606 -0.0422306 0.0091814 -0.0600831 -0.0353694 -0.0142328 -0.00180612 -0.0143226 -0.0348976 -0.0386724 -0.0902514
internal_weight=93.1157 24.9679 23.1149 20.6579 17.5255 5.01276 12.5128 9.4964 3.13234 68.1478 28.3464 24.738 21.8809 39.8015 29.16 22.3854 6.77468 10.6414 13.0498 9.33558 6.71331 9.1821 17.6238 14.1156 10.5026 6.2219 4.43115
internal_count=734 242 216 195 140 53 87 62 55 492 198 165 145 294 212 165 47 82 90 75 52 60 115 91 67 41 46
is_linear=0
shrinkage=0.1


Tree=40
num_leaves=31
num_cat=0
split_feature=3 7 6 3 11 9 7 10 15 5 3 1 5 9 5 3 3 9 2 9 7 8 7 2 9 9 5 0 9 9
split_gain=0.792694 0.648714 1.06687 0.59573 0.835779 1.49412 1.17203 2.68779 1.7394 1.3068 1.08055 0.739907 1.62102 2.63846 1.95561 1.60745 1.90924 1.45582 1.35719 1.09671 1.11618 1.27758 1.67331 0.980497 0.939356 0.457408 0.417581 0.359679 4.83267e-06 3.95269e-06
threshold=162.50000000000003 0.15000000000000005 1.0000000180025095e-35 186.50000000000003 1.0000000180025095e-35 85.000000000000014 0.75000000000000011 1.0000000180025095e-35 1.0000000180025095e-35 160.50000000000003 196.50000000000003 1.0000000180025095e-35 152.50000000000003 74.15000000000002 170.50000000000003 222.50000000000003 303.50000000000006 70.65000000000002 141.50000000000003 75.65000000000002 0.35000000000000003 1.0000000180025095e-35 0.8500000000000002 143.50000000000003 69.050000000000011 92.600000000000009 157.50000000000003 53.500000000000007 78.350000000000009 67.450000000000017
decision_type=2 2 2 2 2 2 2 2 2 2 2 2 2 2 2 2 2 2 2 2 2 2 2 2 2 2 2 2 2 2
left_child=-1 2 28 -3 10 6 8 9 -6 -8 -5 12 24 14 -14 -13 17 27 -16 -19 -21 22 -22 -18 -12 -7 -24 -17 29 -2
right_child=1 3 -4 4 5 25 7 -9 -10 -11 11 15 13 -15 18 16 23 19 -20 20 21 -23 26 -25 -26 -27 -28 -29 -30 -31
leaf_value=-0.054074144161651433 -0.10279863946228816 0.036517941175110979 0.013120885638502026 -0.063650663990784215 -0.083952802368985835 0.10492935315343849 -0.057814878232833246 0.11367023880210228 0.022102616258615745 0.035979723069246287 0.026068897763088551 0.038196117295867658 -0.023744274856725613 -0.068520380644822215 0.010540463967355813 -0.049278853659608046 -0.0083511392115681211 0.033985862526687179 0.098599337499127304 -0.082796707620259744 0.048560676430896926 -0.059442275790633707 -0.0074207251117503594 0.078841953746104282 0.11903438009922979 0.03811508765660962 -0.061723353680392681 -0.099304823800776376 -0.10294947125457793 -0.10239821974574653
leaf_weight=2.6233924552798262 0.44542421493679196 5.0911065842956296 1.6525086611509323 2.9278800897300234 2.9452442601323154 2.1462497748434535 2.8069107830524427 2.599684052169323 3.2561030238866806 3.1551543679088354 2.4274758063256767 5.9313573986291876 5.16370388120413 4.2499245703220359 3.2953712195158005 2.9454924464225796 2.4644467066973439 3.5212909579277065 3.7327370867133141 2.9928804803639677 4.605355676263569 4.6433953680098048 3.0667307302355766 2.7055180333554745 1.9681024858728049 1.9606389878317712 2.6310545019805431 2.8067492004483938 0.5353512205183506 0.55208283197134733
leaf_count=23 18 35 10 18 23 25 24 28 22 26 20 37 36 29 22 20 18 21 21 23 31 34 25 22 20 21 16 20 20 26
internal_value=0.000104557 0.0016975 -0.0426177 0.00333813 0.00125137 0.0196814 0.00484004 0.0288197 -0.0282669 -0.00817831 -0.00435073 -0.00141551 0.0137503 -0.00067114 0.0229803 -0.00966345 -0.0184296 -0.029013 0.0573099 -0.0170384 -0.0270539 -0.015892 0.0037352 0.0372783 0.0676938 0.0730321 -0.0324959 -0.0736885 -0.102707 -0.102577
internal_weight=91.8493 89.2259 3.18537 86.0406 80.9495 18.87 14.7631 8.56175 6.20135 5.96207 62.0795 59.1516 20.8373 16.4417 12.1918 38.3143 32.3829 27.2129 7.02811 21.4607 17.9394 14.9465 10.3031 5.16996 4.39558 4.10689 5.69779 5.75224 1.53286 0.997507
internal_count=734 711 74 637 602 169 123 78 45 50 433 415 148 108 79 267 230 190 43 150 129 106 72 40 40 46 41 40 64 44
is_linear=0
shrinkage=0.1


Tree=41
num_leaves=30
num_cat=0
split_feature=6 8 2 10 17 9 9 15 5 5 3 5 7 0 9 9 17 9 19 7 9 20 9 5 7 3 5 9 3
split_gain=0.714777 0.907384 1.39511 1.69347 1.15229 0.934456 1.2555 0.691146 0.563209 1.27258 1.74777 1.14845 1.83505 0.737949 2.27008 1.76958 1.58566 1.27584 1.09981 3.0712 1.344 1.91736 1.79251 1.27409 0.985855 0.557979 0.513544 0.46305 0.0320745
threshold=1.0000000180025095e-35 1.0000000180025095e-35 142.50000000000003 1.0000000180025095e-35 1.0000000180025095e-35 76.550000000000011 86.450000000000017 1.0000000180025095e-35 180.50000000000003 192.50000000000003 257.50000000000006 195.50000000000003 0.75000000000000011 52.500000000000007 85.250000000000014 77.950000000000017 1.0000000180025095e-35 93.90000000000002 1.0000000180025095e-35 0.95000000000000007 78.15000000000002 1.0000000180025095e-35 82.550000000000011 156.50000000000003 0.75000000000000011 247.50000000000003 169.50000000000003 71.950000000000017 242.50000000000003
decision_type=2 2 2 2 2 2 2 2 2 2 2 2 2 2 2 2 2 2 2 2 2 2 2 2 2 2 2 2 2
left_child=8 4 3 -3 5 27 -7 -6 13 10 -10 -11 -13 14 15 16 24 18 20 23 21 -15 -22 -20 -1 -23 28 -2 -4
right_child=1 2 26 -5 7 6 -8 -9 9 11 -12 12 -14 17 -16 -17 -18 -19 19 -21 22 25 -24 -25 -26 -27 -28 -29 -30
leaf_value=0.023020084418598805 -0.018364412231826145 0.069735243064802985 0.13249603159363005 -0.062234966012270937 0.0072707577053129704 0.061208692079145116 -0.030816123785009038 0.079889030431888469 -0.11027382343612746 0.070382194547197519 0.0028290567861051028 -0.078601604429638261 0.049592386349955525 -0.00061453756775842194 0.086148922728126076 -0.066137596243861813 0.06049660972551904 -0.072141000616814055 0.038678005335275559 0.10138599583324803 0.059257663339507431 -0.11734666247874447 -0.034675664264874749 -0.046569216710365083 -0.041546251396260336 -0.053208177631912039 0.038077290376048879 -0.075085270922593039 0.10831234858271044
leaf_weight=4.6739246603101545 3.2230767589062506 1.9403572408482423 1.0658327192068107 1.9490962903946638 2.8175759539008132 2.8101216051727533 3.1381350830197334 2.4504948873072863 3.0772100761532766 1.9092900790274141 2.4573186347261071 2.5328451646491885 1.9970744103193281 5.7808738257735985 3.5853006429970256 3.3846575692296019 4.8876345828175536 3.0286288466304532 2.8285261625424045 3.3297655954957008 4.0959418378770334 2.5553938206285238 4.0307023040950298 4.6118067773059011 4.7867591232061386 2.8907711692154408 1.1722357664257286 2.6005539000034332 1.1297182114794848
leaf_count=31 25 27 13 15 27 28 27 24 34 14 21 38 11 39 23 22 31 19 25 25 25 19 29 37 27 22 12 16 28
internal_value=0.000111886 0.0147887 0.0444006 0.00360188 0.00217718 -0.0152188 0.012659 0.0410499 -0.0052551 -0.024892 -0.0600564 0.00533202 -0.0220856 -0.000938532 0.0135763 -0.00109658 0.0142461 -0.0102722 -0.00405189 0.021562 -0.0183057 -0.040726 0.012668 -0.0141615 -0.00964811 -0.0833026 0.091519 -0.0436932 0.120052
internal_weight=90.7416 24.2972 7.25724 3.88945 17.04 11.7719 5.94826 5.26807 66.4444 11.9737 5.53453 6.43921 4.52992 54.4707 21.3183 17.733 14.3483 33.1524 30.1238 10.7701 19.3537 11.227 8.12664 7.44033 9.46068 5.44616 3.36779 5.82363 2.19555
internal_count=734 242 95 42 147 96 55 51 492 118 55 63 49 374 134 111 89 240 221 87 134 80 54 62 58 41 53 41 41
is_linear=0
shrinkage=0.1


Tree=42
num_leaves=29
num_cat=0
split_feature=7 6 5 5 3 9 3 14 9 1 0 2 0 21 2 7 8 9 3 7 15 8 2 7 2 19 9 2
split_gain=0.60921 0.973497 0.562349 1.36789 2.14831 1.67521 0.873011 0.824862 2.67742 1.96327 1.2339 0.925512 1.28465 1.39609 1.46129 1.78099 1.70219 1.81548 1.31074 1.22903 1.14754 0.948178 1.15774 0.805008 0.765506 0.178487 4.31029e-06 1.76061e-06
threshold=0.15000000000000005 1.0000000180025095e-35 128.50000000000003 143.50000000000003 265.50000000000006 74.850000000000009 168.50000000000003 1.0000000180025095e-35 84.750000000000014 1.0000000180025095e-35 55.500000000000007 161.50000000000003 60.500000000000007 1.0000000180025095e-35 147.50000000000003 0.8500000000000002 1.0000000180025095e-35 71.950000000000017 257.50000000000006 0.45000000000000007 1.0000000180025095e-35 1.0000000180025095e-35 145.50000000000003 0.65000000000000002 143.50000000000003 1.0000000180025095e-35 81.450000000000017 145.50000000000003
decision_type=2 2 2 2 2 2 2 2 2 2 2 2 2 2 2 2 2 2 2 2 2 2 2 2 2 2 2 2
left_child=1 26 -2 4 5 -4 -5 11 9 10 -9 12 13 14 16 -16 20 -18 -14 -15 -8 22 -21 -22 -11 -6 27 -1
right_child=2 -3 3 6 25 -7 7 8 -10 24 -12 -13 18 19 15 -17 17 -19 -20 21 23 -23 -24 -25 -26 -27 -28 -29
leaf_value=-0.10217000938607862 -0.031832551396567176 0.0091132105939826479 -0.039677074286201076 -0.063734333680021779 0.12249108247383234 0.053450504382316161 -0.095135506011511009 0.033973802470995934 0.05701655942390197 -0.10125726909309592 -0.046519942709788993 0.053741941213115874 -0.085601615875969136 -0.011896948233807471 0.094203740244619694 -0.016219584026063241 0.08419386832851343 -0.027465640213231186 -0.0017576578810574763 0.10812129192374334 0.013531728878151381 0.010131479809051606 0.027092482293463335 -0.051753370773908548 -0.037487876525208221 0.076271436422930813 -0.10264972218902078 -0.10243662334093569
leaf_weight=0.63155564665794262 4.7318758601322761 1.6714325398206711 3.8490065345540625 2.1851628068834534 1.9252913733944297 3.8774033468216658 3.0697290766984278 4.4419915601611155 3.8917323406785718 4.1096571050584316 3.3335587717592716 3.9542195163667193 2.982207588851451 4.0621277615427962 2.888634242117404 2.9546160893514752 2.6792821660637847 3.1896280385553837 4.9751100391149521 4.1236187238246185 3.397639062255621 3.5171242691576481 3.0806834101676941 4.2529316302388906 3.4735173992812634 1.4760900577530265 0.43425875529646885 0.40749409887939692
leaf_count=33 37 10 28 18 26 34 22 27 32 29 21 34 20 28 21 27 18 26 36 25 23 25 20 29 26 22 18 19
internal_value=0.000110776 -0.0431237 0.00168398 0.0036254 0.0362108 0.00705785 -0.00151331 0.000475093 -0.0170708 -0.0358437 -0.000535733 0.00735037 0.00328952 0.0110873 -0.00463598 0.0383686 -0.0197836 0.0235093 -0.0331803 0.0349457 -0.0434846 0.0526934 0.073472 -0.0227601 -0.0720473 0.102433 -0.102385 -0.102275
internal_weight=89.5676 3.14474 86.4228 81.691 11.1278 7.72641 70.5632 68.378 19.2505 15.3587 7.77555 49.1276 45.1733 37.216 22.4325 5.84325 16.5892 5.86891 7.95732 14.7836 10.7203 10.7214 7.2043 7.65057 7.58317 3.40138 1.47331 1.03905
internal_count=734 80 654 617 110 62 507 489 135 103 48 354 320 264 166 48 118 44 56 98 74 70 45 52 55 48 70 52
is_linear=0
shrinkage=0.1


Tree=43
num_leaves=31
num_cat=0
split_feature=6 5 5 15 2 0 15 10 9 10 3 5 2 19 14 9 9 11 9 9 0 2 0 0 5 5 5 0 18 3
split_gain=0.624442 0.799874 1.40199 1.33787 1.39968 1.17207 0.716659 1.24527 0.649341 0.528752 1.0785 1.66831 1.04985 0.821396 0.754526 0.997634 1.54148 1.4407 0.985292 0.981585 1.36208 0.843562 0.706884 1.32092 1.41529 0.551842 0.887655 0.496961 0.436183 0.409366
threshold=1.0000000180025095e-35 151.50000000000003 161.50000000000003 1.0000000180025095e-35 147.50000000000003 41.500000000000007 1.0000000180025095e-35 1.0000000180025095e-35 76.550000000000011 1.0000000180025095e-35 215.50000000000003 164.50000000000003 124.50000000000001 1.0000000180025095e-35 1.0000000180025095e-35 68.550000000000011 71.950000000000017 1.0000000180025095e-35 62.250000000000007 90.050000000000011 53.500000000000007 151.50000000000003 62.500000000000007 58.500000000000007 172.50000000000003 169.50000000000003 159.50000000000003 52.500000000000007 1.0000000180025095e-35 246.50000000000003
decision_type=2 2 2 2 2 2 2 2 2 2 2 2 2 2 2 2 2 2 2 2 2 2 2 2 2 2 2 2 2 2
left_child=9 3 29 28 -5 -4 8 -8 -7 10 11 -1 -12 22 15 18 -17 19 -14 20 -18 27 23 24 -11 26 -15 -16 -2 -3
right_child=1 2 5 4 -6 6 7 -9 -10 13 12 -13 14 25 21 16 17 -19 -20 -21 -22 -23 -24 -25 -26 -27 -28 -29 -30 -31
leaf_value=-0.011848834762184133 0.12393767821766476 -0.072785070261499427 0.085589003032472827 0.065521551885784998 -0.066069417680523074 -0.041421352577804604 0.091382937206748727 -0.018650611012616509 0.023522508061493409 0.015797535295512932 0.049009540673016626 -0.10727622813546792 -0.0091214668650432471 0.015501560415393046 0.019800110476608537 0.076610604924457065 -0.11947449187965467 0.031460223043477113 -0.08998122117357181 0.014825015373831255 -0.026081766867922747 0.056472256838384673 -0.051000837940878063 0.060293276360902474 -0.074856976577061404 -0.00058951348278065818 0.092845363223026112 -0.04087612337256713 0.047417917367807233 -0.01404292980155343
leaf_weight=5.377930944785474 1.780081330798569 2.3745019026100662 2.258148716762661 1.6153430137783291 1.6178919048979876 3.7638897299766523 2.146571159362793 1.9746907986700533 2.6051585394889116 4.4373113727197033 3.3843016056343904 2.7785529233515263 2.7149096829816726 3.6008840594440699 2.8820564001798648 1.9609881993383158 2.4422924956306797 4.0237996317446223 3.3869170974940062 2.386308578774333 4.3307671993970871 3.1467772051692009 3.1105445632711062 2.9177462384104729 2.8144017374143004 3.9432299137115479 2.5239286869764328 2.5390377873554826 1.2810400947928429 2.3708929605782032
leaf_count=38 29 19 17 23 19 25 26 17 23 34 24 32 24 31 19 16 20 25 27 15 36 22 24 20 20 28 16 21 22 22
internal_value=0.000109386 0.0139634 0.00296421 0.0445335 -0.000325802 0.020236 0.0061681 0.0386607 -0.0148571 -0.00498412 -0.0117766 -0.0443567 -0.00377195 0.00704688 -0.00976341 -0.0198658 -0.00611104 -0.0184158 -0.054004 -0.0403269 -0.0597582 0.0152879 -0.00928455 0.00347525 -0.0193856 0.0285885 0.0473736 -0.00861837 0.0919151 -0.0434363
internal_weight=88.4909 23.7882 17.4939 6.29436 3.23323 12.7485 10.4903 4.12126 6.36905 64.7027 41.3546 8.15648 33.1982 23.348 29.8139 21.246 15.1442 13.1832 6.10183 9.15937 6.77306 8.56787 13.28 10.1695 7.25171 10.068 6.12481 5.42109 3.06112 4.74539
internal_count=734 242 149 93 42 108 91 43 48 492 319 70 249 173 225 163 112 96 51 71 56 62 98 74 54 75 47 40 51 41
is_linear=0
shrinkage=0.1


Tree=44
num_leaves=31
num_cat=0
split_feature=7 2 8 2 5 9 3 10 9 9 2 3 8 17 0 3 9 5 5 7 3 0 3 9 18 0 9 9 2 21
split_gain=0.703748 1.63204 1.14145 1.47009 2.24742 1.78031 1.86446 1.69628 1.11135 1.38963 1.87158 1.4499 1.05787 1.07595 2.02649 1.7446 2.18845 1.61443 1.24117 1.41989 1.07045 1.65305 0.913447 0.899096 0.715533 0.643743 0.533393 0.496651 0.378002 0.229195
threshold=0.75000000000000011 160.50000000000003 1.5000000000000002 158.50000000000003 140.50000000000003 85.250000000000014 269.50000000000006 1.0000000180025095e-35 67.250000000000014 70.90000000000002 147.50000000000003 239.50000000000003 1.5000000000000002 1.0000000180025095e-35 57.500000000000007 212.50000000000003 76.550000000000011 173.50000000000003 164.50000000000003 1.7500000000000002 244.50000000000003 58.500000000000007 248.50000000000003 61.350000000000001 1.0000000180025095e-35 52.500000000000007 73.15000000000002 71.250000000000014 165.50000000000003 1.0000000180025095e-35
decision_type=2 2 2 2 2 2 2 2 2 2 2 2 2 2 2 2 2 2 2 2 2 2 2 2 2 2 2 2 2 2
left_child=2 12 3 4 -1 6 8 -7 23 -10 11 -11 13 17 15 -15 -17 18 19 24 -14 -22 -4 -6 26 -19 -2 -8 -3 -5
right_child=1 28 22 29 5 7 27 -9 9 10 -12 -13 20 14 -16 16 -18 25 -20 -21 21 -23 -24 -25 -26 -27 -28 -29 -30 -31
leaf_value=0.089931514238173194 0.0054946316065789544 0.045349491817333804 -0.0039982639533978079 -0.065060088930821755 -0.0079754318632536056 -0.0024999507413349222 -0.10155093920070452 0.1029186017436835 -0.091816563261471223 -0.086794372104182685 0.071048978504201013 0.018221544630517731 0.081995277986842141 -0.074395780210338672 0.092611878164484698 0.080697909869074588 -0.043095601423508254 0.057578767835557335 -0.082272716175785646 -0.080556578680669899 0.059953519610745215 -0.059060476644538375 -0.076426502385733799 0.078905736641027624 0.030604001105558006 -0.0062505049240421289 -0.056682673590711219 -0.040394934611843278 0.11464629123692927 -0.026131120854502574
leaf_weight=2.9724325537681606 2.9416575357317978 1.6637015165761107 3.0284852944314471 3.1862231213599435 2.0926751811057391 3.3697547875344744 2.2945317281410089 2.7902928115800023 1.9816464837640504 2.5415936559438705 2.6132250335067511 2.7235184079036117 3.1329012420028439 2.4698394425213319 2.9428931381553403 3.2311857333406806 2.5590122677385807 3.2463404871523371 3.8919565286487332 2.7998690111562601 2.6029915353283286 2.1155658001080155 4.0967892296612263 2.7647971445694566 4.3264407087117434 3.078345812857151 2.598395137116313 3.1522237462922931 1.4940806170925496 2.878849271684885
leaf_count=25 22 19 29 28 23 32 20 23 20 23 20 25 30 15 29 27 20 21 25 18 27 18 31 21 36 20 21 24 23 19
internal_value=0.000107547 0.00880844 -0.00912747 -0.00176991 0.00750721 -0.00179982 -0.0161736 0.0452511 0.002325 -0.0169625 0.00186558 -0.0324721 0.00358819 -0.00403439 0.0213577 -0.00402878 0.0259866 -0.0164657 -0.0328816 -0.0177053 0.0366805 0.00659358 -0.045642 0.041476 0.000130314 0.0265118 -0.0236678 -0.0661579 0.0781367 -0.0465821
internal_weight=87.5822 45.0952 42.487 35.3618 29.2967 26.3243 20.1642 6.16005 14.7175 9.85998 7.87834 5.26511 41.9374 34.0859 11.2029 8.26004 5.7902 22.883 16.5583 12.6664 7.85146 4.71856 7.12527 4.85747 9.86649 6.32469 5.54005 5.44676 3.15778 6.06507
internal_count=734 371 363 303 256 231 176 55 132 88 68 48 329 254 91 62 47 163 122 97 75 45 60 44 79 41 43 44 42 47
is_linear=0
shrinkage=0.1


Tree=45
num_leaves=26
num_cat=0
split_feature=7 0 5 5 5 5 5 5 5 3 0 9 0 9 18 7 17 2 7 3 3 5 9 0 9
split_gain=0.583272 0.881541 0.561809 1.41327 1.78881 1.10025 0.975259 0.647744 0.779756 2.14016 0.749968 1.40283 1.45506 2.25825 3.15417 0.945734 1.70862 1.1814 0.978432 1.92482 0.976179 0.89427 0.641279 0.167066 0.0019751
threshold=0.15000000000000005 54.500000000000007 180.50000000000003 192.50000000000003 188.50000000000003 183.50000000000003 199.50000000000003 128.50000000000003 140.50000000000003 246.50000000000003 53.500000000000007 82.450000000000017 50.500000000000007 74.15000000000002 1.0000000180025095e-35 0.35000000000000003 1.0000000180025095e-35 156.50000000000003 0.8500000000000002 283.50000000000006 259.50000000000006 159.50000000000003 77.550000000000011 57.500000000000007 82.250000000000014
decision_type=2 2 2 2 2 2 2 2 2 2 2 2 2 2 2 2 2 2 2 2 2 2 2 2 2
left_child=1 24 7 4 5 -4 -5 -2 9 -9 11 12 13 14 -10 -12 17 18 -17 22 -18 -13 -20 -11 -1
right_child=2 -3 3 6 -6 -7 -8 8 10 23 15 21 -14 -15 -16 16 20 -19 19 -21 -22 -23 -24 -25 -26
leaf_value=-0.10430714014775755 -0.029947005904208852 0.0026977958144657546 -0.058140764392816707 0.045525731969808941 -0.11111006438013489 0.031457805315419578 -0.020250227614689045 -0.0059027326064742111 -0.032822233750847821 0.077616003586494703 -0.04462988085384767 0.021741341029411235 0.055992214199299256 -0.072139552371029078 0.079483632295834605 0.0081157481128498205 0.087259836688275222 0.040727772854854273 -0.043362367018660114 0.024589084019574388 0.011130573290756549 0.10178068092602149 -0.10634004269443764 0.1232254329139455 -0.11232401962054633
leaf_weight=0.65173489414155417 4.702106741257011 1.7200156515464184 2.6455400586128253 4.540150832384823 2.7025874238461256 2.8437549136579037 4.4769461341202259 4.5554523915052405 5.92645250819624 1.5883958861231806 5.3091637864708927 2.8247147276997557 4.202529282309114 4.2483129967004052 4.3264710148796439 5.1248875651508632 2.9829875733703366 3.1550752948969594 3.1208900837227684 2.6943697389215231 3.868850365281105 2.7597384005784988 3.3550408929586411 1.6244758591055868 0.58150902297347784
leaf_count=32 37 36 20 33 25 25 36 34 36 19 37 19 37 26 32 34 26 32 26 20 35 23 19 23 12
internal_value=0.000111484 -0.0435647 0.00165478 -0.0144463 -0.0445124 -0.0117238 0.0128683 0.0058296 0.00855753 0.0381771 0.00428858 0.017313 0.00418107 -0.0108341 0.014568 -0.00639455 0.00195854 -0.0146566 -0.0268804 -0.0464382 0.0442739 0.0612954 -0.0759897 0.100677 -0.108087
internal_weight=86.5322 2.95326 83.5789 17.209 8.19188 5.48929 9.0171 66.3699 61.6678 7.76832 53.8995 24.2882 18.7038 14.5012 10.2529 29.6113 24.3021 17.4503 14.2952 9.1703 6.85184 5.58445 6.47593 3.21287 1.23324
internal_count=734 80 654 139 70 45 69 515 478 76 402 173 131 94 68 229 192 131 99 65 61 42 45 42 44
is_linear=0
shrinkage=0.1


Tree=46
num_leaves=29
num_cat=0
split_feature=7 2 2 19 2 7 9 2 8 8 2 5 9 3 10 2 0 9 7 12 9 9 0 9 0 2 5 5
split_gain=0.595276 1.42477 1.15318 1.04561 1.38691 1.32378 1.24521 1.20086 1.09195 0.993568 1.24556 1.77446 1.35361 1.59011 1.38616 0.927333 1.81018 0.906032 0.899376 0.920543 0.89681 1.89285 2.08521 0.798899 0.792805 0.532581 0.362173 0.215787
threshold=0.75000000000000011 156.50000000000003 161.50000000000003 1.0000000180025095e-35 150.50000000000003 1.0500000000000003 67.450000000000017 136.50000000000003 1.0000000180025095e-35 1.5000000000000002 158.50000000000003 140.50000000000003 85.250000000000014 269.50000000000006 1.0000000180025095e-35 145.50000000000003 53.500000000000007 63.850000000000001 1.3500000000000003 1.5000000000000002 70.250000000000014 72.950000000000017 53.500000000000007 77.050000000000011 52.500000000000007 142.50000000000003 166.50000000000003 156.50000000000003
decision_type=2 2 2 2 2 2 2 2 2 2 2 2 2 2 2 2 2 2 2 2 2 2 2 2 2 2 2 2
left_child=9 3 -3 5 7 6 -2 23 15 10 11 -1 13 17 -14 16 -7 -13 19 -9 -19 -22 -23 -5 -11 -10 -15 -12
right_child=1 2 -4 4 -6 8 -8 18 25 24 27 12 14 26 -16 -17 -18 20 -20 -21 21 22 -24 -25 -26 -27 -28 -29
leaf_value=0.082292794881079032 -0.032922735878775256 0.020353649682494365 0.11231201338791177 -0.035832812747200425 -0.045896707350048818 0.031479970601018425 0.0656350115939109 0.067016682098128375 -0.024030588490122337 -0.0041549643245341735 -0.064723337691982977 0.047121652099489209 -0.0029428522660171793 -0.035381705318224689 0.093704725186135679 -0.085631516832281887 -0.079216231317999999 -0.062293032028712017 0.10048989335975489 -0.014662232230272743 0.093245244241658198 -0.080161380715481456 0.03518136685143064 0.035968034627850316 -0.072217565310995172 0.040572972363017407 -0.087601028086535956 -0.026413239401873123
leaf_weight=2.833959391340616 2.0703134313225773 3.7194373002275816 2.1530989678576589 3.3095302227884558 2.7689218586310735 2.9747650884091836 3.3663288243114948 3.2339582536369544 2.562388449907302 3.0069769509136668 2.5874330494552842 3.5797044625505867 3.302499270066618 2.7644140040501943 2.6950120236724615 4.0457325130701065 2.9345346484333277 2.5851571829989544 2.9261614698916674 2.4066787417978048 1.8824135176837424 3.0604993915185332 3.2126501426100731 2.9141733236610889 3.972033285535872 2.5419489620253444 2.55639464315027 3.4052698388695717
leaf_count=25 13 32 36 25 23 23 34 23 19 23 19 32 32 20 23 26 21 29 25 23 12 35 24 22 37 26 24 28
internal_value=0.000112799 0.00822358 0.0540691 0.00114891 0.0190573 -0.0141936 0.0281035 0.0312173 -0.0294634 -0.00848402 -0.00151662 0.00720481 -0.00109498 -0.0137919 0.0404862 -0.0487451 -0.0234913 0.00355171 0.055504 0.0321669 -0.0109694 0.00529917 -0.0210912 -0.00221294 -0.0428921 0.00814184 -0.0604706 -0.0429542
internal_weight=85.3724 43.928 5.87254 38.0554 17.5594 20.496 5.43664 14.7905 15.0594 41.4444 34.4654 28.4727 25.6387 19.6412 5.99751 9.95503 5.9093 14.3204 8.5668 5.64064 10.7407 8.15556 6.27315 6.2237 6.97901 5.10434 5.32081 5.9927
internal_count=734 371 68 303 141 162 47 118 115 363 303 256 231 176 55 70 44 132 71 46 100 71 59 47 60 45 44 47
is_linear=0
shrinkage=0.1


Tree=47
num_leaves=28
num_cat=0
split_feature=6 7 8 9 3 9 2 9 4 8 5 5 5 2 2 3 0 0 2 17 14 2 3 0 0 0 5
split_gain=0.56242 0.672636 1.24657 0.791278 0.795255 0.936451 1.19954 0.918529 0.518906 1.49562 0.949315 1.92697 0.780117 0.632421 0.593408 0.979656 1.54271 1.21178 1.25634 1.07683 1.04235 0.879631 0.611686 0.473341 0.405192 0.278555 0.133507
threshold=1.0000000180025095e-35 0.35000000000000003 1.5000000000000002 65.65000000000002 290.50000000000006 81.450000000000017 152.50000000000003 74.350000000000009 1.0000000180025095e-35 1.0000000180025095e-35 185.50000000000003 192.50000000000003 157.50000000000003 146.50000000000003 159.50000000000003 276.50000000000006 63.500000000000007 58.500000000000007 148.50000000000003 1.0000000180025095e-35 1.0000000180025095e-35 128.50000000000003 278.50000000000006 56.500000000000007 48.500000000000007 61.500000000000007 154.50000000000003
decision_type=2 2 2 2 2 2 2 2 2 2 2 2 2 2 2 2 2 2 2 2 2 2 2 2 2 2 2
left_child=8 -2 3 -3 5 7 -7 -5 10 12 14 -12 -10 -13 15 16 17 18 20 25 21 -1 -16 -4 -23 -17 -26
right_child=1 2 23 4 -6 6 -8 -9 9 -11 11 13 -14 -15 22 19 -18 -19 -20 -21 -22 24 -24 -25 26 -27 -28
leaf_value=0.028033008410517785 -0.019570830022695929 0.066560154024575435 0.11476375997155119 0.0011447527711495517 0.056068193202675393 0.079326453252401355 -0.038116446350644803 -0.072869009385117312 0.092644728189535369 -0.042164733235517372 -0.11956476465995665 -0.039168611197647904 0.017290398622458663 0.031366931397172879 -0.0064384781878894272 0.025038108220365354 -0.077527812066245497 0.042361996157668273 0.033298013096565028 0.070275512589004149 -0.064384064654944326 -0.058114055419185566 -0.073506413802654894 0.034346886153019694 0.0048587162991371915 -0.017320090290595998 -0.026774761697431537
leaf_weight=4.2806025892496242 4.7912712991237667 2.158575437031689 1.7574046785011881 3.6961210900917632 2.1684546479955307 2.103817787021399 1.4825513754040001 3.0690059205517173 2.2829278064891678 2.7724601831287146 2.2235719887539735 2.8963562836870551 3.450174618512392 2.2653121501207352 3.3759449832141391 2.9407962989062053 2.8739350065588942 5.3133871285244814 4.9948746683076015 3.7902270648628473 4.6042915335856369 2.8783343089744431 2.2771348087117076 1.2543933591805396 2.5680719334632158 3.28868717700243 2.7767478981986642
leaf_count=26 31 22 31 33 31 28 19 26 21 24 29 37 30 18 28 23 21 35 37 32 33 19 19 21 17 20 23
internal_value=0.000120457 0.013666 0.0226679 0.0106435 0.00100287 -0.0105323 0.0307773 -0.0324317 -0.00480284 0.0181359 -0.00846007 -0.0417388 0.0472966 -0.00821253 -0.00311291 0.00114218 -0.00782399 -0.000517234 -0.0108251 0.0282475 -0.0237073 -0.0087288 -0.0334543 0.0812707 -0.0278653 0.00267624 -0.0115756
internal_weight=84.3354 22.4816 17.6903 14.6785 12.52 10.3515 3.58637 6.76513 61.8538 8.50556 53.3483 7.38524 5.7331 5.16167 45.963 40.31 30.2902 27.4163 22.1029 10.0197 17.108 12.5038 5.65308 3.0118 8.22315 6.22948 5.34482
internal_count=734 242 211 159 137 106 47 59 492 75 417 84 51 55 333 286 211 190 155 75 118 85 47 52 59 43 40
is_linear=0
shrinkage=0.1


Tree=48
num_leaves=30
num_cat=0
split_feature=3 9 9 9 9 3 3 1 7 3 2 3 9 5 2 8 5 9 3 0 3 3 2 3 3 5 7 5 5
split_gain=0.516251 0.581435 1.80368 1.81418 0.895611 0.968887 1.4276 0.787697 1.36395 1.31753 2.01763 1.25706 0.949016 1.62856 1.4256 1.50542 1.29367 0.934634 0.887492 0.808897 1.35968 1.1472 0.950619 1.03017 1.44956 0.826997 0.66911 0.390641 0.01332
threshold=162.50000000000003 96.15000000000002 93.250000000000014 90.65000000000002 88.950000000000017 186.50000000000003 196.50000000000003 1.0000000180025095e-35 0.25000000000000006 223.50000000000003 140.50000000000003 306.50000000000006 70.550000000000011 185.50000000000003 154.50000000000003 1.0000000180025095e-35 165.50000000000003 82.350000000000009 248.50000000000003 47.500000000000007 244.50000000000003 312.50000000000006 157.50000000000003 277.50000000000006 243.50000000000003 163.50000000000003 0.8500000000000002 157.50000000000003 158.50000000000003
decision_type=2 2 2 2 2 2 2 2 2 2 2 2 2 2 2 2 2 2 2 2 2 2 2 2 2 2 2 2 2
left_child=-1 2 3 4 5 -2 -7 19 17 10 -10 12 26 14 15 16 18 28 -14 20 -8 22 23 24 25 -21 -11 -3 -9
right_child=1 27 -4 -5 -6 6 7 8 9 11 -12 -13 13 -15 -16 -17 -18 -19 -20 21 -22 -23 -24 -25 -26 -27 -28 -29 -30
leaf_value=-0.046661041643339785 0.051393698820904936 0.0052410139243461275 -0.081620805985418876 0.083407195640306395 -0.060017333004594324 -0.071659729857168855 -0.060025121330265621 -0.12591269442213598 0.1009668169037644 -0.075330963898810915 -0.016909596540151832 0.048882844299551635 0.022086853927121244 -0.077236772247856744 -0.052650726704498843 -0.039355852902194288 -0.0073438238894318669 -0.014573520219314816 0.10323244898618983 0.088536341111293826 0.030979971274499276 -0.03704265249379645 0.088403059842854487 0.075303221656058586 -0.029246802447132854 0.0087401063413875355 -0.014369251471625009 0.066025558618939426 -0.10870886611658358
leaf_weight=2.2939988654106847 3.6762926569208494 1.9938780227676023 2.6494150673970571 2.6620684703811994 2.4553703591227523 2.7669632602483025 3.3006593119353083 0.835810613818466 2.9075682964175931 4.0395059715956512 2.9007080867886543 3.1868880568072191 2.1761838067322987 2.6624167598783961 3.0980238914489737 2.8703005854040375 3.1649762894958258 1.7774592880159614 3.5408956184983253 2.4459682125598246 3.2664850950241089 2.4946100162342182 2.8345304988324633 3.0792565951123825 4.9856181154027581 2.7692327126860619 3.248240789398551 2.2508029714226723 0.97507495991885662
leaf_count=23 35 21 21 26 20 19 22 12 18 32 23 33 17 23 24 30 24 16 29 26 25 20 29 25 38 24 27 22 30
internal_value=0.000120085 0.00144472 -0.000547292 0.00235063 -0.000668973 0.00144283 -0.00136815 0.00174075 -0.00746763 -0.00124359 0.0420982 -0.0102384 -0.0178355 -0.0052165 0.00769549 0.0236033 0.043949 -0.0660868 0.0723447 0.0154142 -0.0147594 0.0260623 0.0358312 0.0246102 0.00930779 0.0461651 -0.0481596 0.0374729 -0.116649
internal_weight=83.3092 81.0152 76.7705 74.1211 71.459 69.0037 65.3274 62.5604 37.3841 33.7957 5.80828 27.9874 24.8005 17.5128 14.8504 11.7524 8.88206 3.58834 5.71708 25.1764 6.56714 18.6092 16.1146 13.2801 10.2008 5.2152 7.28775 4.24468 1.81089
internal_count=734 711 668 647 621 601 566 547 338 280 41 239 206 147 124 100 70 58 46 209 47 162 142 113 88 50 59 43 42
is_linear=0
shrinkage=0.1


Tree=49
num_leaves=30
num_cat=0
split_feature=6 5 15 7 5 0 9 9 9 0 4 0 8 9 1 9 2 20 14 5 3 3 9 15 3 2 9 5 2
split_gain=0.565516 0.607596 1.08177 1.00488 0.847945 0.799529 1.49539 1.17304 0.566013 0.42466 1.11377 1.09019 1.76702 1.50881 1.32313 3.04898 1.33231 2.49271 1.09309 1.1764 1.08847 1.14223 0.991694 1.11454 0.75652 1.128 1.0353 1.60757 0.391213
threshold=1.0000000180025095e-35 151.50000000000003 1.0000000180025095e-35 0.35000000000000003 136.50000000000003 55.500000000000007 81.750000000000014 74.350000000000009 72.65000000000002 52.500000000000007 1.0000000180025095e-35 58.500000000000007 1.5000000000000002 78.15000000000002 1.0000000180025095e-35 66.600000000000009 154.50000000000003 1.0000000180025095e-35 1.0000000180025095e-35 163.50000000000003 276.50000000000006 258.50000000000006 81.050000000000011 1.0000000180025095e-35 214.50000000000003 133.50000000000003 77.750000000000014 171.50000000000003 140.50000000000003
decision_type=2 2 2 2 2 2 2 2 2 2 2 2 2 2 2 2 2 2 2 2 2 2 2 2 2 2 2 2 2
left_child=9 2 28 -3 -4 6 7 -5 -7 10 20 14 13 18 15 -11 17 -16 19 -13 21 24 -15 -24 25 -1 27 -26 -2
right_child=1 3 4 5 -6 8 -8 -9 -10 11 -12 12 -14 22 16 -17 -18 -19 -20 -21 -22 -23 23 -25 26 -27 -28 -29 -30
leaf_value=0.019688780388661484 0.038596331422229575 -0.045699020751507155 -0.056061925238112466 0.046961530858632271 0.050644027295284194 0.018247679213364586 0.11317255102179602 -0.039123101213934246 -0.05263293668713756 -0.06673173980275901 0.062460295491922641 0.058406859858402022 -0.0539016747610781 0.10130450997236728 0.039858578497073284 0.086571860950711829 -0.11281162809966871 -0.078767550106627601 -0.062938463282751392 -0.041332315831376337 0.05982528828400966 -0.059951425688550775 0.071194588617034871 -0.018454327703372301 -0.0014246114398839323 -0.067102926839828062 -0.024110198805999364 0.10062711970623495 0.11745718283577969
leaf_weight=2.7966189710423448 1.0031549837440281 3.2489686682820347 1.4012275608256461 3.9097910774871689 1.5894838855601845 2.2325624739751211 1.8839327115565536 2.6597895845770836 2.2742388304322958 2.626713547855613 2.9787057973444453 2.7659784853458431 4.2285420401021829 2.5071980133652669 2.9643617318943143 2.5633651232346892 2.7301839347928762 4.4015624150633812 2.7801059754565358 2.0657411962747574 2.4773928662762037 3.7766853505745521 2.7222362644970417 2.8268459402024746 3.5659095989540202 3.223426709882915 3.6663415720686316 2.7217332841828465 1.686841565184295
leaf_count=17 15 22 18 39 24 20 26 19 23 23 33 27 32 16 32 22 26 32 21 20 20 30 25 18 25 27 25 21 36
internal_value=0.000122926 0.013893 0.0420356 0.00403007 0.000649461 0.0164965 0.0346318 0.0121089 -0.0175204 -0.00486842 0.00503866 -0.0119664 0.00346292 0.0189446 -0.0320493 0.00898447 -0.0531434 -0.0310273 -0.0129805 0.0157646 -0.0026562 -0.0104934 0.0491084 0.0255251 0.00119973 -0.0267837 0.0181238 0.0427505 0.0880484
internal_weight=82.2796 21.89 5.68071 16.2093 2.99071 12.9603 8.45351 6.56958 4.5068 60.3896 25.2068 35.1828 19.8966 15.6681 15.2862 5.19008 10.0961 7.36592 7.61183 4.83172 22.2281 19.7507 8.05628 5.54908 15.974 6.02005 9.95398 6.28764 2.69
internal_count=734 242 93 149 42 127 84 58 43 492 198 294 159 127 135 45 90 64 68 47 165 145 59 43 115 44 71 46 51
is_linear=0
shrinkage=0.1


Tree=50
num_leaves=31
num_cat=0
split_feature=6 9 9 9 9 19 9 7 0 2 2 7 2 7 15 18 0 8 0 5 17 3 9 9 3 0 0 9 3 3
split_gain=0.472496 0.70636 0.792896 0.941846 0.913303 1.61918 0.819005 0.690377 1.13081 0.995509 1.96592 1.25362 0.949458 1.31979 2.0346 0.852467 2.07247 0.585295 1.06051 1.71369 0.843012 0.627597 0.618755 1.00463 0.321802 0.106257 0.101874 0.0864346 0.0292233 0.000319275
threshold=1.0000000180025095e-35 49.150000000000006 56.150000000000006 60.400000000000006 66.15000000000002 1.0000000180025095e-35 68.350000000000009 0.25000000000000006 53.500000000000007 149.50000000000003 153.50000000000003 0.75000000000000011 137.50000000000003 1.3500000000000003 1.0000000180025095e-35 1.0000000180025095e-35 54.500000000000007 1.0000000180025095e-35 42.500000000000007 182.50000000000003 1.0000000180025095e-35 263.50000000000006 76.550000000000011 86.450000000000017 269.50000000000006 48.500000000000007 58.500000000000007 71.250000000000014 203.50000000000003 262.50000000000006
decision_type=2 2 2 2 2 2 2 2 2 2 2 2 2 2 2 2 2 2 2 2 2 2 2 2 2 2 2 2 2 2
left_child=1 -1 -3 -4 5 -5 -6 8 -8 12 -11 26 13 14 -9 16 -14 20 -19 25 22 -22 27 -24 -17 -20 -12 -2 -27 -30
right_child=17 2 3 4 6 -7 7 9 -10 10 11 -13 15 -15 -16 24 -18 18 19 -21 21 -23 23 -25 -26 28 -28 -29 29 -31
leaf_value=0.059830357346661339 -0.024973663360938623 -0.054673432018495165 0.05279582785226411 -0.078122623966062316 0.049006471886188188 0.015773681435432452 0.0013030724613603438 -0.022951973494361531 -0.11405703730274475 0.078200914101455576 -0.041064059424058282 0.048762296351297738 -0.069359514831959457 -0.051961373369523237 0.07474314047880759 -0.037717891004401434 0.045120970576455782 -0.029469531868160793 0.070609674206127057 -0.03237084121260999 0.072934603575962403 -0.0013513846876755005 0.057982403492563554 -0.028958493695999017 -0.082554738156944585 0.12924170157023832 -0.015788965039134833 -0.050406662921719719 0.10726623213939208 0.10448098237015338
leaf_weight=1.6618993766605843 2.8282861709594744 3.2002918571233741 2.8222546391189089 4.3741587204858652 3.0438829241320482 3.1656795963644981 2.0153883006423707 4.115440798923375 1.4691446726210413 4.1510875076055518 3.4510568007826787 3.0186219420284033 2.8353943414986116 2.7538235820829859 4.4225341342389584 3.7585037797689438 3.5753905307501554 1.6607679259032 0.7545475568622354 1.3095660507678983 2.4405825138092032 2.129680716432631 2.4637039732187986 2.8860588893294334 2.7882295213639736 0.79806799441576037 2.9646186791360378 2.5330310296267271 0.85853078216314294 0.79052455117926002
leaf_count=13 24 26 20 38 27 22 35 29 35 33 21 34 20 17 33 24 27 11 18 10 27 24 28 27 19 7 19 17 19 30
internal_value=0.000133054 -0.00444855 -0.00629273 -0.00346346 -0.0065226 -0.0386993 -0.00105393 -0.00474176 -0.0473349 -0.000818974 0.0208526 -0.00438058 -0.0129602 0.00823643 0.0276525 -0.031432 -0.00551204 0.0128586 0.0388487 0.0639994 0.00236145 0.0383183 -0.0129808 0.01108 -0.0568137 0.103417 -0.0293847 -0.0369898 0.113533 0.105931
internal_weight=81.0407 59.5874 57.9255 54.7252 51.903 7.53984 44.3631 41.3192 3.48453 37.8347 13.5854 9.4343 24.2493 11.2918 8.53797 12.9575 6.41078 21.4533 6.172 4.51124 15.2813 4.57026 10.7111 5.34976 6.54673 3.20167 6.41568 5.36132 2.44712 1.64906
internal_count=734 492 479 453 433 60 373 346 70 276 107 74 169 79 62 90 47 242 95 84 147 51 96 55 43 74 40 41 56 49
is_linear=0
shrinkage=0.1


Tree=51
num_leaves=28
num_cat=0
split_feature=3 9 9 9 9 3 3 1 7 5 5 5 9 9 15 9 5 18 3 6 0 18 9 9 21 3 5
split_gain=0.505246 0.464114 1.52766 1.30392 0.727 0.757418 1.02586 0.742792 1.32425 1.8753 1.78482 1.68271 1.00477 1.21395 1.338 1.59311 1.53125 1.12697 0.763168 0.728118 1.06159 0.615313 0.860475 0.922917 0.636168 0.467268 0.343557
threshold=162.50000000000003 96.15000000000002 93.65000000000002 90.65000000000002 88.950000000000017 186.50000000000003 203.50000000000003 1.0000000180025095e-35 1.4500000000000002 146.50000000000003 148.50000000000003 130.50000000000003 85.000000000000014 79.750000000000014 1.0000000180025095e-35 75.850000000000009 169.50000000000003 1.0000000180025095e-35 239.50000000000003 1.0000000180025095e-35 52.500000000000007 1.0000000180025095e-35 59.800000000000004 70.90000000000002 1.0000000180025095e-35 248.50000000000003 157.50000000000003
decision_type=2 2 2 2 2 2 2 2 2 2 2 2 2 2 2 2 2 2 2 2 2 2 2 2 2 2 2
left_child=-1 2 3 4 5 -2 -7 19 9 11 -10 -9 13 14 15 17 -16 -11 -13 21 -21 24 -23 -24 -8 -15 -3
right_child=1 26 -4 -5 -6 6 7 8 10 12 -12 18 -14 25 16 -17 -18 -19 -20 20 -22 22 23 -25 -26 -27 -28
leaf_value=-0.046972588878082394 0.046224110369158911 0.0031032948499049012 -0.08125926627413127 0.068943697144903088 -0.054455087969077991 -0.044147759609944888 0.047682670832210748 -0.035552429741529105 -0.032238917360221775 -0.1162905346677531 0.074490599813040251 0.026034083795066117 0.028675149923397026 -0.045354068635651647 0.055558281251349373 0.00992077067128346 -0.043182092347014193 -0.026012348103157387 0.1161101994984706 -0.0064312415631947624 0.091506219943490452 0.032487652850337841 -0.076724271635188981 0.00084723474411709399 -0.0080343560421493286 -0.11177818675253687 0.061224203514087909
leaf_weight=2.2136743646115056 3.5738539872691026 1.8967657103203226 2.2616104129701844 2.8133735619485369 2.4110328759998074 5.087915586307644 5.4824167760089075 2.220564152114096 2.5378262512385836 3.4451999524608308 4.0952122840099037 1.7616596501320603 2.615388920530676 1.8250510487705458 3.4830962996929875 2.9902392877265811 2.8603233946487308 2.3098305407911539 2.0181026523932815 1.8483287310227741 2.7586399237625301 3.1869416385889053 2.6155208712443709 3.7083928771317005 3.2724544554948807 2.523234823718667 2.1927805505692959
leaf_count=23 35 21 19 28 20 37 38 23 23 30 39 14 24 17 30 24 32 20 30 23 38 22 24 27 26 25 22
internal_value=0.000136199 0.00147668 -0.000342688 0.00221876 -0.000516468 0.0014474 -0.00110702 0.00269759 -0.00652733 -0.0160285 0.0336555 0.033538 -0.0295153 -0.0373453 -0.0239294 -0.049291 0.0110351 -0.0800566 0.0741278 0.0166869 0.0522134 0.00772641 -0.009883 -0.0312357 0.0268564 -0.0838988 0.0342672
internal_weight=80.0094 77.7958 73.7062 71.4446 68.6312 66.2202 62.6463 57.5584 34.6857 28.0527 6.63304 6.00033 22.0524 19.437 15.0887 8.74527 6.34342 5.75503 3.77976 22.8727 4.60697 18.2657 9.51086 6.32391 8.75487 4.34829 4.08955
internal_count=734 711 668 649 621 601 566 529 331 269 62 67 202 178 136 74 62 50 44 198 61 137 73 51 64 42 43
is_linear=0
shrinkage=0.1


Tree=52
num_leaves=28
num_cat=0
split_feature=3 7 13 0 17 10 3 0 2 9 17 4 5 5 7 7 0 9 9 15 9 7 7 0 9 0 7
split_gain=0.416023 0.387435 1.32834 1.22019 1.40667 1.96935 1.58646 1.30154 1.00378 0.797297 0.813206 0.938846 0.837456 1.61243 1.19027 0.827981 0.559241 0.625768 1.55281 1.61405 1.06181 1.56066 1.08004 0.687241 0.476545 0.36257 0.00489013
threshold=162.50000000000003 0.45000000000000007 1.0000000180025095e-35 45.500000000000007 1.0000000180025095e-35 1.0000000180025095e-35 247.50000000000003 50.500000000000007 140.50000000000003 49.150000000000006 1.0000000180025095e-35 1.0000000180025095e-35 153.50000000000003 138.50000000000003 1.2500000000000002 0.8500000000000002 44.500000000000007 75.300000000000026 71.950000000000017 1.0000000180025095e-35 85.950000000000017 1.1500000000000001 1.2500000000000002 58.500000000000007 74.15000000000002 55.500000000000007 1.0500000000000003
decision_type=2 2 2 2 2 2 2 2 2 2 2 2 2 2 2 2 2 2 2 2 2 2 2 2 2 2 2
left_child=-1 2 3 -2 5 7 -6 -5 -9 -3 11 16 13 -12 15 24 -11 18 19 -18 22 -22 23 -19 -14 -13 -15
right_child=1 9 -4 4 6 -7 -8 8 -10 10 12 25 14 26 -16 -17 17 20 -20 -21 21 -23 -24 -25 -26 -27 -28
leaf_value=-0.042931755399270521 -0.049909183473304634 0.10122639001789624 -0.067853722088335455 0.067787056329916093 0.035155167579090763 0.092576975645828799 -0.079438090276042428 0.020017466460620748 -0.088503758339755961 0.020839038018334172 -0.00226515447447096 0.055736549165743311 0.032366040011481904 0.11534417684388464 -0.039825785448941713 0.063990221950013748 -0.050948955685543723 -0.043985648882839533 -0.088541509830290688 0.038693230851201937 0.010615687913488105 -0.090500608073150038 0.065867124838271854 0.029612090928482798 -0.022140012055334123 0.0031475655672064911 0.10643563075612694
leaf_weight=2.1815883424133053 3.7441650507971707 0.86036961665376921 3.360054835677146 1.757417063228784 2.1679434292018405 3.8021765379235148 2.7287866938859224 1.5924918772652747 1.833828918635845 4.6025126408785608 2.4156942302361157 3.1576628433540455 3.1432243175804597 1.5130264908075335 3.7324423640966407 3.6911799553781748 4.3723502065986413 2.6167478179559094 3.6236504130065432 3.7154063899070024 3.4277746127918354 2.7517554750666022 3.2004134873859584 2.4629581291228533 3.27565230242908 2.2417181376367807 1.0395234595052896
leaf_count=23 32 8 32 17 30 28 30 20 25 34 25 32 20 20 31 28 35 21 27 36 31 20 28 22 27 24 28
internal_value=0.000130039 0.00135276 -0.0102309 0.000753263 0.014417 0.037915 -0.0287039 -0.00217854 -0.0380651 0.00570605 0.00421137 -0.00455852 0.0210758 0.0562954 0.00843509 0.0262521 -0.0113067 -0.01696 -0.0341418 -0.00976854 -0.00304373 -0.0344116 0.0203664 -0.00830088 0.00455076 0.0339026 0.111716
internal_weight=79.0125 76.8309 20.9869 17.6268 13.8826 8.98591 4.89673 5.18374 3.42632 55.8441 54.9837 36.173 18.8107 4.96824 13.8425 10.1101 30.7736 26.1711 11.7114 8.08776 14.4596 6.17953 8.28012 5.07971 6.41888 5.39938 2.55255
internal_count=734 711 214 182 150 90 60 62 45 497 489 310 179 73 106 75 254 220 98 71 122 51 71 43 47 56 48
is_linear=0
shrinkage=0.1


Tree=53
num_leaves=30
num_cat=0
split_feature=6 0 0 7 5 2 2 3 10 3 5 2 9 9 9 2 9 9 9 9 9 0 9 5 2 5 0 17 5
split_gain=0.524054 0.596504 0.828612 1.83363 1.27631 1.0748 0.706392 0.599148 0.423293 0.859417 1.37427 0.826244 0.830129 2.03533 0.756057 0.654649 0.724839 0.797172 0.809176 1.54437 0.642931 1.01757 0.834498 0.521591 0.411079 0.366461 0.268608 0.25366 0.224878
threshold=1.0000000180025095e-35 40.500000000000007 52.500000000000007 0.95000000000000007 143.50000000000003 153.50000000000003 144.50000000000003 274.50000000000006 1.0000000180025095e-35 215.50000000000003 164.50000000000003 156.50000000000003 63.850000000000001 75.15000000000002 85.450000000000017 124.50000000000001 58.150000000000006 62.250000000000007 68.550000000000011 71.750000000000014 90.65000000000002 59.500000000000007 77.750000000000014 157.50000000000003 138.50000000000003 170.50000000000003 59.500000000000007 1.0000000180025095e-35 158.50000000000003
decision_type=2 2 2 2 2 2 2 2 2 2 2 2 2 2 2 2 2 2 2 2 2 2 2 2 2 2 2 2 2
left_child=8 -2 3 24 26 7 -5 28 9 10 -1 12 -10 23 25 -11 -17 -18 -19 -20 21 22 -21 -14 -3 -15 -4 -24 -6
right_child=1 2 4 6 5 -7 -8 -9 11 15 -12 -13 13 14 -16 16 17 18 19 20 -22 -23 27 -25 -26 -27 -28 -29 -30
leaf_value=-0.011668744237024622 0.064710993421726148 -0.088054802820675404 0.051700572353555276 0.10988788696173353 -0.012736960881943725 0.062076379531535698 -0.0066554264312060343 -0.052199556123328585 0.041746871916127019 0.040313985058913399 -0.10457608729144635 0.055018764564982031 -0.022179263774824473 0.067735204808400173 -0.019290442897481712 -0.05996131436018251 0.052042682414884668 -0.052312268792182016 0.071065943426677311 -0.0047257763389705436 0.02947847700827054 0.014761915507462257 -0.047646701299282647 -0.086725144321039102 -0.026616521369580301 0.015537975456717895 0.11750097061243706 -0.093997164702739167 0.032778079245722132
leaf_weight=4.8583656456321469 2.0734642073512104 2.2051854766905334 1.1470998874865466 1.1283075511455538 2.2848195414990169 2.5741204558871686 0.96479213796555985 2.5439832974225283 3.5402380730956855 3.0393613753840354 2.3681680471636355 3.0191877400502554 2.0472100824117652 2.5554974647238833 3.524502114392817 2.4971083700656918 2.3442547777667668 3.6458877772092846 2.5737807885743704 3.1891282829456014 2.9432638920843592 4.6336512342095375 2.3500053575262427 3.2229590979404747 2.1516621578484774 2.8396010454744101 1.3511056769639251 2.3729477003216743 2.0680528758093715
leaf_count=38 16 18 24 25 19 32 17 24 23 24 32 33 18 19 27 21 19 34 23 28 23 36 20 31 24 22 21 21 22
internal_value=0.000127723 0.0138606 0.00813631 -0.0207569 0.0237062 0.00693513 0.0561685 -0.0136453 -0.00476104 -0.0111986 -0.0421149 0.00666138 -0.00157325 -0.0123813 0.0167305 -0.00364804 -0.00868067 -0.00335685 -0.00933929 -0.000665391 -0.0125849 -0.022453 -0.0442477 -0.0616521 -0.057713 0.0402622 0.0872874 -0.0709345 0.00888727
internal_weight=78.0577 20.4926 18.4191 6.44995 11.9692 9.47098 2.0931 6.89686 57.5651 36.8159 7.22653 20.7492 17.73 14.1898 8.9196 29.5894 26.55 24.0529 21.7087 18.0628 15.489 12.5457 7.91208 5.27017 4.35685 5.3951 2.49821 4.72295 4.35287
internal_count=734 242 226 84 142 97 42 65 492 319 70 173 140 117 68 249 225 204 185 151 128 105 69 49 42 41 45 41 41
is_linear=0
shrinkage=0.1


Tree=54
num_leaves=28
num_cat=0
split_feature=6 11 15 14 18 7 7 9 9 0 9 9 9 1 20 0 3 11 3 2 20 7 7 9 9 2 5
split_gain=0.43708 0.540633 1.05675 0.509636 1.19566 0.654548 0.59137 0.474236 0.704525 0.772937 1.42606 1.11428 1.11148 1.91787 1.29171 1.25993 1.0995 1.09053 0.906376 0.849941 1.46381 0.595864 0.544815 0.449445 0.936559 0.433119 0.26382
threshold=1.0000000180025095e-35 1.0000000180025095e-35 1.0000000180025095e-35 1.0000000180025095e-35 1.0000000180025095e-35 1.2500000000000002 0.75000000000000011 49.150000000000006 56.150000000000006 52.500000000000007 63.850000000000001 82.450000000000017 66.15000000000002 1.0000000180025095e-35 1.0000000180025095e-35 58.500000000000007 278.50000000000006 1.0000000180025095e-35 246.50000000000003 154.50000000000003 1.0000000180025095e-35 0.65000000000000002 0.95000000000000007 70.250000000000014 81.050000000000011 134.50000000000003 160.50000000000003
decision_type=2 2 2 2 2 2 2 2 2 2 2 2 2 2 2 2 2 2 2 2 2 2 2 2 2 2 2
left_child=7 3 -3 4 23 -5 -6 -1 -9 10 -10 17 22 14 -14 19 21 18 25 20 -15 -17 -11 -2 -25 -12 -13
right_child=1 2 -4 5 6 -7 -8 8 9 12 11 26 13 15 -16 16 -18 -19 -20 -21 -22 -23 -24 24 -26 -27 -28
leaf_value=0.049413638853800519 -0.053542590296920184 0.005027424901582386 0.12011521774180843 0.010684635932612742 0.022558391537027392 -0.068816067599655903 0.08811666531405421 -0.052162749365553554 0.069470251833564173 -0.082264228419827834 -0.029850554880417813 0.066853748003376998 -0.013165512081329232 0.030216174488545907 0.078672524770431129 0.010207642255876614 0.051639969370512608 0.036241795190016531 0.0027313142310297026 -0.099354865830784539 -0.069858399051508466 -0.044416095955822549 -0.016352931230189389 0.048614436137448841 -0.038761684211083142 -0.086163942556205297 0.018637769123867984
leaf_weight=1.5946598220616568 1.9286577943712524 2.0718694040551773 1.2974734432063999 2.3238836121745399 3.3601172585040331 1.8681353530846534 2.330138333607465 3.1070691868662825 3.5489483941346434 3.0735577568411854 2.6807292299345153 2.2526309192180625 2.5172638213261989 2.4591284277848917 3.9109320649877191 3.8783350959420186 3.1747326329350471 3.1413844926282755 4.3245890503749251 2.4210606990382075 3.6033489992842078 4.1168930232524872 2.1184921339154243 2.3719041999429464 2.5408322811126709 2.7843948006629944 2.2868975065648556
leaf_count=13 18 37 37 23 27 19 34 26 23 31 23 16 25 29 30 32 33 28 37 25 27 30 16 18 29 23 25
internal_value=0.000119305 0.0128012 0.0493457 0.00543849 0.015535 -0.0247441 0.0494043 -0.00435155 -0.00589915 -0.00315034 0.0116792 -6.03857e-05 -0.0131175 -0.0047062 0.042709 -0.0202146 0.00185099 -0.0150238 -0.0314743 -0.0492675 -0.0292651 -0.0179191 -0.0553707 -0.0126354 0.00342413 -0.0585413 0.0425638
internal_weight=77.0881 20.093 3.36934 16.7237 12.5316 4.19202 5.69026 56.995 55.4004 52.2933 21.0196 17.4706 31.2737 26.0817 6.4282 19.6535 11.17 12.9311 9.78971 8.48354 6.06248 7.99523 5.19205 6.84139 4.91274 5.46512 4.53953
internal_count=734 242 74 168 126 42 61 492 479 453 175 152 278 231 55 176 95 111 83 81 56 62 47 65 47 46 41
is_linear=0
shrinkage=0.1


Tree=55
num_leaves=29
num_cat=0
split_feature=3 3 9 9 9 9 7 0 7 8 5 5 5 5 15 9 0 21 2 5 3 3 7 0 7 3 5 5
split_gain=0.387822 0.659593 0.397808 1.02986 1.14247 0.679708 0.446118 1.06241 1.73684 1.21835 1.01263 0.727551 1.41794 1.08387 1.3395 1.25029 1.25233 1.08091 0.963588 1.36902 1.05519 0.960193 0.766489 0.668701 0.792756 0.662918 0.309888 0.0173665
threshold=160.50000000000003 176.50000000000003 96.15000000000002 93.65000000000002 90.65000000000002 88.950000000000017 0.95000000000000007 47.500000000000007 1.3500000000000003 1.0000000180025095e-35 143.50000000000003 137.50000000000003 146.50000000000003 154.50000000000003 1.0000000180025095e-35 63.850000000000001 55.500000000000007 1.0000000180025095e-35 125.50000000000001 172.50000000000003 234.50000000000003 247.50000000000003 0.45000000000000007 59.500000000000007 1.3500000000000003 264.50000000000006 157.50000000000003 161.50000000000003
decision_type=2 2 2 2 2 2 2 2 2 2 2 2 2 2 2 2 2 2 2 2 2 2 2 2 2 2 2 2
left_child=-1 -2 3 4 5 6 11 8 -8 10 -9 -3 -13 14 -14 21 18 22 -17 27 -21 -15 -18 24 -12 -11 -4 -20
right_child=1 2 26 -5 -6 -7 7 9 -10 25 23 12 13 15 -16 16 17 -19 19 20 -22 -23 -24 -25 -26 -27 -28 -29
leaf_value=-0.044736043910039797 0.063713887419827989 -0.046990130517024123 0.00047419176006708197 -0.069754429848572996 0.064477624794023539 -0.056608487611251118 0.030322574430980943 0.056255917051142405 -0.081626709105018819 0.034222790448592007 -0.036317992110649219 0.063863066699254678 -0.094257924634260956 0.081344284595118832 0.00037336801451748596 -0.054144690306873945 -0.064057202469759211 -0.10709637470682914 0.053814270546325753 -0.068193778878106626 0.020058366378657808 0.0019691853883952106 0.014183507295836194 -0.06005486238673028 0.034747153179733412 0.10361362088875525 0.056794252391406674 0.065999734063722004
leaf_weight=1.8800782449543465 1.6530616148374964 4.0661760009825221 1.8159690704196685 2.1685529947280875 2.6606726767495266 2.2323085628449908 2.6857284684665528 2.7719484111294177 2.863382994197309 3.77289970871061 2.8127212654799205 2.9642572253942481 2.9826292404904988 2.9238290786743191 3.000628188252449 2.1336657274514463 2.2606369461864224 2.0289526819251478 2.377063815481959 2.1634533349424601 3.6246682754717767 3.1832604855298996 2.8066005259752274 2.2525930553674698 3.5521100191399455 2.1677879234775901 2.1145753413438797 2.3024238413199782
leaf_count=19 24 35 21 19 28 19 24 34 23 39 23 37 22 24 23 19 21 26 19 23 37 27 26 16 32 32 21 21
internal_value=0.00011833 0.00125267 -0.000167787 -0.00193652 0.000272006 -0.00240015 -0.000438807 0.0106374 -0.0274441 0.0228311 0.00368174 -0.00696701 -0.00228409 -0.00845241 -0.0467999 0.000439171 -0.0118174 -0.0454182 0.00710432 0.019589 -0.0129281 0.0399708 -0.0207219 -0.0132297 0.00334232 0.0595439 0.0307736 0.0598098
internal_weight=76.2226 74.3426 72.6895 68.759 66.5904 63.9297 61.6974 22.8792 5.54911 17.3301 11.3894 38.8182 34.7521 31.7878 5.98326 25.8046 19.6975 7.09619 12.6013 10.4676 5.78812 6.10709 5.06724 8.61742 6.36483 5.94069 3.93054 4.67949
internal_count=734 715 691 649 630 602 583 223 47 176 105 360 325 288 45 243 192 73 119 100 60 51 47 71 55 71 42 40
is_linear=0
shrinkage=0.1


Tree=56
num_leaves=31
num_cat=0
split_feature=6 0 8 7 17 0 7 2 5 13 0 21 9 9 5 5 3 5 3 20 17 5 0 0 0 2 3 5 5 3
split_gain=0.408949 0.506689 0.677741 1.45088 0.893559 1.10635 0.776399 0.523043 0.442172 0.866538 1.54841 0.592588 0.510483 1.4138 0.546258 0.680337 0.858669 0.857797 1.06476 0.912769 1.83881 1.21447 1.0229 1.18882 0.619019 0.564618 0.328291 0.297533 0.12364 0.00353267
threshold=1.0000000180025095e-35 40.500000000000007 1.0000000180025095e-35 0.75000000000000011 1.0000000180025095e-35 52.500000000000007 1.1500000000000001 134.50000000000003 180.50000000000003 1.0000000180025095e-35 58.500000000000007 1.0000000180025095e-35 95.350000000000009 90.550000000000011 173.50000000000003 164.50000000000003 277.50000000000006 154.50000000000003 247.50000000000003 1.0000000180025095e-35 1.0000000180025095e-35 140.50000000000003 53.500000000000007 62.500000000000007 52.500000000000007 144.50000000000003 232.50000000000003 195.50000000000003 181.50000000000003 216.50000000000003
decision_type=2 2 2 2 2 2 2 2 2 2 2 2 2 2 2 2 2 2 2 2 2 2 2 2 2 2 2 2 2 2
left_child=8 -2 4 -4 5 -3 -7 -6 12 10 11 27 13 14 15 17 26 19 -19 22 21 -21 -1 -24 -20 -16 -17 -10 29 -5
right_child=1 2 3 28 7 6 -8 -9 9 -11 -12 -13 -14 -15 25 16 -18 18 24 20 -22 -23 23 -25 -26 -27 -28 -29 -30 -31
leaf_value=-0.076885717385826224 0.060336550393706272 -0.080666384103752126 -0.019576061317978628 0.11331900015497803 -0.0069299580279831982 0.032875561826927129 -0.035720594155106582 0.066114590521934469 -0.11901402659442412 0.034439670071495225 0.045704140039504702 -0.029850082805020113 -0.038959949705159647 0.072662454948923344 -0.0046767484476478889 -0.025771495657495119 0.012238215362535179 0.070382101969133096 0.03485808820473571 0.094561801854359459 -0.049347742069140395 -0.00087380086043589928 0.042425002228682479 -0.057697603053234618 -0.031461521463319889 0.060285212897501134 -0.073996895540531654 -0.057150423499863601 0.05699051796577298 0.10376288749171231
leaf_weight=3.46770792640746 1.9920371882617498 2.3729847408831137 2.1659826394170514 0.57539160270243916 1.7190745137631882 3.3360093925148249 3.2647781735286117 2.2811168329790235 1.7932133758440598 2.0465410221368074 1.7014078656211493 2.9412074717693031 3.1530254995450369 2.7079763524234286 2.6819802382960907 2.4724691696464998 3.0604553432203829 3.4216913878917676 2.6546650249511003 2.6732758264988661 3.1554200183600187 2.6604092582128942 2.4797645602375269 2.272865436039865 2.9955357993021607 2.6698008952662349 3.2898180745542049 1.3724517058581112 0.69216720387339581 1.1805742739234117
leaf_count=25 16 23 22 9 18 37 27 32 22 21 19 32 23 25 21 18 20 30 18 22 29 24 23 20 26 21 29 24 7 51
internal_value=0.00010659 0.012537 0.0071232 0.0400398 -0.00458339 -0.0221052 -0.00105239 0.0347238 -0.00426527 -0.0234814 -0.0386625 -0.0621675 -0.000132037 0.0027375 -0.00200161 -0.00659988 -0.0305688 0.00160265 0.0263581 -0.0118376 0.0111616 0.0469591 -0.0355888 -0.00545695 -0.000302213 0.0277303 -0.0533045 -0.0921935 0.0927848 0.106894
internal_weight=75.2518 19.5801 17.5881 4.61412 12.974 8.97377 6.60079 4.00019 55.6717 9.85482 7.80828 6.10687 45.8169 42.6638 39.9559 34.6041 8.82274 25.7813 9.07189 16.7094 8.48911 5.33369 8.22034 4.75263 5.6502 5.35178 5.76229 3.16567 2.44813 1.75597
internal_count=734 242 226 89 137 87 64 50 492 118 97 78 374 351 326 284 67 217 74 143 75 46 68 43 44 42 47 46 67 60
is_linear=0
shrinkage=0.1


Tree=57
num_leaves=29
num_cat=0
split_feature=5 5 7 9 5 3 2 14 21 2 0 20 0 9 9 0 17 5 0 1 5 13 3 2 3 15 5 2
split_gain=0.388531 1.17336 0.634367 0.606277 0.520281 1.57576 0.562512 0.763963 1.95639 1.44496 1.08897 0.936021 1.56645 1.30543 1.5157 1.61948 1.15783 1.04781 0.879184 1.11007 1.81651 0.755031 0.887174 0.716674 0.249411 0.123479 0.000879416 0.000189886
threshold=120.50000000000001 128.50000000000003 0.15000000000000005 82.350000000000009 140.50000000000003 246.50000000000003 156.50000000000003 1.0000000180025095e-35 1.0000000180025095e-35 137.50000000000003 53.500000000000007 1.0000000180025095e-35 41.500000000000007 69.15000000000002 83.65000000000002 50.500000000000007 1.0000000180025095e-35 159.50000000000003 59.500000000000007 1.0000000180025095e-35 165.50000000000003 1.0000000180025095e-35 267.50000000000006 144.50000000000003 247.50000000000003 1.0000000180025095e-35 151.50000000000003 139.50000000000003
decision_type=2 2 2 2 2 2 2 2 2 2 2 2 2 2 2 2 2 2 2 2 2 2 2 2 2 2 2 2
left_child=-1 -2 3 26 5 -4 7 11 9 -9 -11 12 -6 16 15 -15 -13 -16 19 -14 -21 22 -8 -17 -10 -7 -3 -28
right_child=1 2 4 -5 6 25 21 8 24 10 -12 13 18 14 17 23 -18 -19 -20 20 -22 -23 -24 -25 -26 -27 27 -29
leaf_value=0.041800603731074359 -0.072803526558937695 -0.10948297306237581 -0.009339101724270495 -0.0019824943618725545 0.091818054556715351 0.11458898527709874 0.083319806511085892 -0.056548610445409889 -0.046425178407609007 0.075304445969937711 -0.0080019794144847011 -0.094777591368096797 -0.025995768076663213 -0.021940537908404167 -0.075277332993611959 0.031505495704272024 -0.0046668684978796379 0.01109785874752302 -0.042262448080552559 0.08267150432242143 -0.013471065465054433 -0.01864858387462379 0.0083812874980105194 0.10415059868828019 -0.089771995506351829 0.069346098303684767 -0.10477853100405557 -0.10158407224344992
leaf_weight=2.1698939735069862 2.2149380911141625 0.33057800680398874 3.8705399055033913 1.2055960856378076 2.6277063526213196 1.2930715419352055 2.8687572479248029 2.6742849946022016 2.3330778386443844 2.9628595197573304 3.3357044868171215 2.9691870640963343 3.609950037673114 3.6073874356225115 3.0746569465845814 3.0052634440362453 2.743362127803266 2.5854080636054277 2.8153883293271056 4.5138889662921429 3.4804836213588715 3.017679400742054 3.5160095409955829 2.4776256298646331 3.0794401369057596 1.130768459290266 0.39910295838490129 0.34862111927941442
leaf_count=19 21 11 34 20 19 27 32 23 23 23 28 26 29 30 22 28 25 31 25 34 31 25 37 24 26 15 20 26
internal_value=0.000108503 -0.0011464 0.00112499 -0.0507091 0.00287642 0.0302554 6.50228e-05 -0.00401251 -0.0236048 0.0050371 0.0311856 0.00350123 0.0208082 -0.010917 0.00480131 0.0300959 -0.0515033 -0.0358228 0.00786809 0.0200305 0.0408142 0.0225705 0.0420521 0.0643326 -0.0710873 0.0934823 -0.105188 -0.103289
internal_weight=74.2612 72.0913 69.8764 2.2839 67.5925 6.29438 61.2981 51.8957 14.3854 8.97285 6.29856 37.5103 17.0474 20.4629 14.7503 9.09028 5.71255 5.66007 14.4197 11.6043 7.99437 9.40245 6.38477 5.48289 5.41252 2.42384 1.0783 0.747724
internal_count=734 715 694 77 617 76 541 447 123 74 51 324 138 186 135 82 51 53 119 94 65 94 69 52 49 42 57 46
is_linear=0
shrinkage=0.1


Tree=58
num_leaves=28
num_cat=0
split_feature=6 9 9 9 3 5 2 5 0 9 10 3 3 2 2 0 7 7 9 2 1 5 5 5 9 0 0
split_gain=0.379974 0.462684 1.62954 1.54025 0.741782 0.57125 1.57732 0.963152 0.725714 0.453981 0.378888 0.68023 1.17775 0.892689 0.627116 0.6636 0.67758 1.27526 0.885929 0.608765 0.419018 1.05494 0.715371 0.788635 0.524127 0.765959 1.19624
threshold=1.0000000180025095e-35 70.250000000000014 72.550000000000011 67.450000000000017 257.50000000000006 151.50000000000003 152.50000000000003 161.50000000000003 55.500000000000007 81.950000000000017 1.0000000180025095e-35 215.50000000000003 205.50000000000003 143.50000000000003 156.50000000000003 62.500000000000007 1.2500000000000002 0.75000000000000011 81.550000000000011 124.50000000000001 1.0000000180025095e-35 179.50000000000003 170.50000000000003 153.50000000000003 69.450000000000017 52.500000000000007 59.500000000000007
decision_type=2 2 2 2 2 2 2 2 2 2 2 2 2 2 2 2 2 2 2 2 2 2 2 2 2 2 2
left_child=10 3 -3 4 -2 6 -4 -7 9 -9 11 12 13 -1 15 16 17 18 -12 -13 22 24 23 -21 -22 -26 -27
right_child=1 2 5 -5 -6 7 -8 8 -10 -11 14 19 -14 -15 -16 -17 -18 -19 -20 20 21 -23 -24 -25 25 26 -28
leaf_value=-0.048261088343575349 0.069998339762310999 0.12451778879446203 0.11572294918554427 -0.076155053801453695 -0.021772467056703524 -0.051096582434843218 -0.025967880511000709 0.012624812735994681 -0.031169456597608815 0.079679400810053827 -0.029177900437032556 0.040076977197348124 -0.10459944019585261 0.038823866056569345 0.050520769335733046 -0.043831432503024785 -0.024899722766763388 0.076747943423691525 0.047093373180420478 0.025163801276862026 -0.049891821814943199 -0.084798917832340059 0.036830919221773409 -0.043284447692307881 0.046418777259230541 -0.063318843881329745 0.024770878866200757
leaf_weight=2.8661370570771387 1.9970447146333783 1.4017091551795591 1.6210550591349595 2.2462623491883278 1.575750086456537 2.7917180210351926 1.5245559758041052 2.1621759468689561 1.8840062730014322 1.8942166869528589 4.1896793590858632 2.8726196531206396 1.9430006649345157 1.9974309736862776 2.8271187022328368 2.9068576688878229 4.1776365973055354 3.0522370431572199 2.3926220685243607 2.9013533797115088 2.3926836387254289 2.1435593310743579 4.4583471119403839 4.0093287359923124 2.7771208388730866 2.9190632374957204 3.266825900413096
leaf_count=27 27 19 37 20 19 28 27 22 19 24 38 24 20 23 33 25 29 27 21 27 21 34 38 30 22 25 28
internal_value=0.000116603 0.0122426 0.022546 -0.0112703 0.0295236 0.0105121 0.0470509 -0.0026504 0.0201171 0.0439373 -0.00416465 -0.0104598 -0.0387878 -0.0124959 0.00696188 -0.000403744 0.00873588 0.0233206 -0.00145381 -0.00350917 -0.00854395 -0.0204564 0.00560052 -0.0145474 -0.00831075 0.00278935 -0.0167978
internal_weight=73.1921 19.0985 13.2794 5.81906 3.57279 11.8777 3.14561 8.73212 5.9404 4.05639 54.0936 34.5475 6.80657 4.86357 19.5462 16.719 13.8122 9.63454 6.5823 27.7409 24.8683 13.4993 11.369 6.91068 11.3557 8.96301 6.18589
internal_count=734 242 176 66 46 157 64 93 65 46 492 319 70 50 173 140 115 86 59 249 225 130 95 57 96 75 53
is_linear=0
shrinkage=0.1


Tree=59
num_leaves=27
num_cat=0
split_feature=7 9 9 19 9 3 7 11 8 10 3 9 3 5 3 7 9 0 19 21 5 2 0 0 19 3
split_gain=0.394697 1.05478 1.23954 1.22155 1.05752 0.809481 1.13678 0.597243 1.31654 1.40447 1.3298 0.64071 1.41118 1.42971 1.09285 1.03824 0.984124 0.769655 0.674717 1.52346 0.612178 0.578329 0.666591 1.28834 0.39496 0.379169
threshold=0.45000000000000007 70.90000000000002 75.850000000000009 1.0000000180025095e-35 60.650000000000013 272.50000000000006 0.25000000000000006 1.0000000180025095e-35 1.5000000000000002 1.0000000180025095e-35 215.50000000000003 68.15000000000002 276.50000000000006 163.50000000000003 228.50000000000003 0.95000000000000007 77.350000000000009 53.500000000000007 1.0000000180025095e-35 1.0000000180025095e-35 158.50000000000003 130.50000000000003 56.500000000000007 52.500000000000007 1.0000000180025095e-35 254.50000000000003
decision_type=2 2 2 2 2 2 2 2 2 2 2 2 2 2 2 2 2 2 2 2 2 2 2 2 2 2
left_child=1 3 -3 4 -1 6 24 11 9 10 -9 18 14 17 15 -13 -17 -14 19 -2 -12 -16 23 -23 -4 -5
right_child=7 2 5 25 -6 -7 -8 8 -10 -11 20 12 13 -15 21 16 -18 -19 -20 -21 -22 22 -24 -25 -26 -27
leaf_value=0.058123847012497024 -0.044541591769540118 0.061535094799515799 -0.08638892792516055 -0.055030009721772868 -0.048382345735542467 -0.051935884998277219 0.042487996904634014 -0.080136468473473749 0.099018408283491288 0.064322667386458407 -0.023761487448143659 -0.028224543764633236 0.011338897963092556 -0.015759508009839589 0.0073694249501066707 -0.0056788833822329155 0.085196921038258044 0.11217964939327373 0.049675712674384115 0.053682945791091688 0.047751580714375179 -0.06667845177756819 -0.07676035199662648 0.024519710582329542 -0.0060594033245076947 -0.12163919821591276
leaf_weight=1.6170182693749695 3.5734916664659959 3.0152563056908539 1.1697583468630892 1.8739103917032482 2.2015038696117699 3.3177889455109835 3.9079367406666279 2.1875862069427949 1.9662312211003143 3.2181501341983676 2.2713291221298277 4.6591995656490379 1.1523945876397186 3.2112485589459538 2.2250394765287629 2.4716063775122166 2.301133755594492 2.2052413711789995 4.414824478328228 2.8291701432317495 2.5308331185951829 3.5774251446127874 4.7588161006569862 2.7319657281041145 1.2838359950110316 1.5711155650205908
leaf_count=17 32 32 23 22 31 27 35 15 31 39 28 36 18 24 20 24 22 35 38 23 33 28 36 26 21 18
internal_value=0.000122916 -0.0118407 0.00554873 -0.0422324 -0.00328048 -0.0118919 0.00899264 0.00468959 0.0240895 0.00965681 -0.0155119 -0.00119842 -0.00887856 0.0319449 -0.0206789 0.00535518 0.0381361 0.0775695 0.0195996 -0.00113872 0.0139273 -0.0391508 -0.0485028 -0.0271897 -0.0443567 -0.0854074
internal_weight=72.2438 19.9581 12.6946 7.26355 3.81852 9.67932 6.36153 52.2857 12.1741 10.2079 6.98975 40.1116 29.2941 6.56888 22.7252 9.43194 4.77274 3.35764 10.8175 6.40266 4.80216 13.2932 11.0682 6.30939 2.45359 3.44503
internal_count=734 226 138 88 48 106 79 508 146 115 76 362 269 77 192 82 46 53 93 55 61 110 90 54 44 40
is_linear=0
shrinkage=0.1


Tree=60
num_leaves=31
num_cat=0
split_feature=3 9 9 9 7 8 5 8 9 5 3 3 5 5 5 9 9 7 0 2 21 5 3 3 15 6 3 2 5 0
split_gain=0.385661 0.386927 0.926195 0.790884 0.499391 0.876239 0.904558 0.752976 1.02454 0.804786 0.739566 1.17576 0.738392 2.18281 1.23457 1.11917 1.0497 0.694717 0.632842 0.605491 1.64944 0.955532 0.573763 0.53194 0.458883 0.428596 0.724328 0.742251 0.372725 0.298149
threshold=162.50000000000003 96.15000000000002 93.65000000000002 90.65000000000002 0.95000000000000007 1.0000000180025095e-35 143.50000000000003 1.0000000180025095e-35 79.050000000000011 134.50000000000003 244.50000000000003 265.50000000000006 151.50000000000003 154.50000000000003 164.50000000000003 62.150000000000013 70.250000000000014 0.45000000000000007 54.500000000000007 145.50000000000003 1.0000000180025095e-35 172.50000000000003 257.50000000000006 207.50000000000003 1.0000000180025095e-35 1.0000000180025095e-35 240.50000000000003 144.50000000000003 165.50000000000003 59.500000000000007
decision_type=2 2 2 2 2 2 2 2 2 2 2 2 2 2 2 2 2 2 2 2 2 2 2 2 2 2 2 2 2 2
left_child=-1 2 3 4 7 6 29 9 17 -2 23 -12 24 -14 22 -16 -17 28 -19 20 -8 -21 -15 -7 -11 26 -18 -28 -9 -6
right_child=1 -3 -4 -5 5 10 19 8 -10 12 11 -13 13 14 15 16 25 18 -20 21 -22 -23 -24 -25 -26 -27 27 -29 -30 -31
leaf_value=-0.04329721156219915 -0.052900157747679914 0.032633370264727041 -0.067060100259099156 0.057628608428773681 0.016227783036355151 0.030126848304873069 -0.034091417930010789 -0.080519717636125032 -0.075689118194107743 0.012256285528912706 -0.064022716594566029 0.05165367132551122 -0.097096953523072849 0.088216141316140917 0.066332492049358954 -0.085401269399416474 -0.0656590573287021 0.037475574286568829 -0.030233032805731232 -0.068989564752679658 0.06896505380462721 0.013578458865230708 0.020759023481946179 0.11111061897089353 0.075945775245866889 0.032853706092076475 -0.040164067195109086 0.045829912885078081 -0.011068678870520494 0.07870166800399786
leaf_weight=1.9886191142722953 2.4197905212640789 3.74431133782491 2.0211665905080727 2.4318051533773533 1.570122219622138 1.4595524147152894 3.8926127376034838 1.6718807714059933 3.2913706097751847 2.2705935537815121 1.3644663263112309 2.4679979025386274 2.101831904146823 2.3708808198571232 1.8024628870189179 1.9381631389260281 2.0772223318926972 3.4354294762015343 2.3076607454568148 3.642531082034111 2.5840131919831038 2.2782145692035556 2.6931858910247684 1.8255702494643626 2.2545430641621351 2.3155588191002607 1.8313981085084376 2.2209484176710248 1.4368364275433121 1.4877019468694923
leaf_count=23 22 43 19 28 22 15 33 22 33 23 13 37 14 19 16 25 26 28 25 31 22 18 24 28 23 20 22 19 23 18
internal_value=0.000121354 0.00136891 -0.000419268 0.00170373 -0.000525294 0.0112809 -0.00208964 -0.00745816 -0.0280542 0.00205263 0.0403137 0.0104696 0.00762181 -0.000881973 0.0108415 -0.00640453 -0.0190311 -0.0103421 0.0102692 -0.0141046 0.00702556 -0.0372186 0.0523409 0.0751302 0.0439881 -0.00379915 -0.0176454 0.0069662 -0.0484197 0.0466228
internal_weight=71.1984 69.2098 65.4655 63.4443 61.0125 22.5728 15.4552 38.4398 12.1432 26.2966 7.11759 3.83246 23.8768 19.3517 17.2498 12.1858 10.3833 8.85181 5.74309 12.3974 6.47663 5.92075 5.06407 3.28512 4.52514 8.44513 6.12957 4.05235 3.10872 3.05782
internal_count=734 711 668 649 621 237 144 384 131 253 93 50 231 185 171 128 112 98 53 104 55 49 43 43 46 87 67 41 45 40
is_linear=0
shrinkage=0.1


Tree=61
num_leaves=29
num_cat=0
split_feature=5 5 5 18 5 7 2 7 0 3 5 3 3 3 3 7 0 17 0 10 0 7 0 7 7 7 15 9
split_gain=0.38805 0.890829 1.17113 0.825843 0.697352 0.704223 0.825074 0.415966 0.88024 0.407678 0.618307 0.434573 1.09607 0.44753 0.388417 0.450879 3.0982 1.83866 1.05167 0.757479 1.34994 1.35885 1.01714 1.01233 1.56681 0.95748 0.379844 0.000109102
threshold=180.50000000000003 192.50000000000003 188.50000000000003 1.0000000180025095e-35 195.50000000000003 0.65000000000000002 145.50000000000003 0.15000000000000005 58.500000000000007 179.50000000000003 176.50000000000003 303.50000000000006 314.50000000000006 325.50000000000006 290.50000000000006 1.1500000000000001 47.500000000000007 1.0000000180025095e-35 58.500000000000007 1.0000000180025095e-35 62.500000000000007 0.65000000000000002 44.500000000000007 0.65000000000000002 0.95000000000000007 0.45000000000000007 1.0000000180025095e-35 81.950000000000017
decision_type=2 2 2 2 2 2 2 2 2 2 2 2 2 2 2 2 2 2 2 2 2 2 2 2 2 2 2 2
left_child=7 2 3 -2 -3 6 -6 8 27 -9 11 14 -13 -14 15 19 -17 18 -18 22 21 -21 -11 25 -25 -24 -16 -1
right_child=1 4 -4 -5 5 -7 -8 9 -10 10 -12 12 13 -15 26 16 17 -19 -20 20 -22 -23 23 24 -26 -27 -28 -29
leaf_value=-0.10552838682342439 0.023989774526538072 0.060063193580957366 -0.10094899205479489 -0.062188880033849439 -0.094870212823732425 0.025202041781469144 0.012172237535041822 0.043224060920828311 0.036939571919654725 0.045118577618411211 0.042679738922514865 0.082709008060202191 -0.042353606643954246 0.028307557986587812 -0.063321411226752666 -0.11549704595243498 0.031097669733402999 0.079470087245999077 -0.055359388435217295 0.018810535596144061 -0.037803789207824068 0.11381949578299491 -0.0159601867994883 -0.07777154590307464 0.017184741694084068 0.06019983320084818 -0.0019864110231450362 -0.10763535839401082
leaf_weight=0.48822464328259119 2.6542249489575607 1.9678940828889606 2.1981572988443077 1.9137407557573167 1.5140098133124413 3.0041088052093983 1.3731815973296759 2.7182687241584054 0.75578874116763473 3.3539539063349393 3.7300343513488761 2.1472046207636586 1.8238901239819827 1.7624218501150606 2.01792565640062 2.4760229908861211 2.3742690044455212 2.7174308756366372 3.4533448768779635 4.0208294633775967 2.1100336126983166 2.4062604708597064 4.7378020808100683 4.6084091919474304 2.7895164508372545 2.5334112904965878 2.0208418415859342 0.49486576579511166
leaf_count=28 29 17 28 23 31 22 14 26 14 26 34 27 16 28 21 21 26 36 31 30 18 29 38 36 32 21 19 13
internal_value=0.000116206 -0.014376 -0.0409749 -0.0121146 0.00852351 -0.00869249 -0.0439596 0.00393237 -0.0442055 0.00548819 0.00348018 0.000392437 0.0262029 -0.00762858 -0.00316317 3.74434e-06 -0.0170001 0.0115404 -0.0201353 0.00705945 0.0315968 0.0543813 -0.00456335 -0.0159226 -0.0419666 0.0105752 -0.0326318 -0.106589
internal_weight=70.1661 14.6253 6.76612 4.56797 7.85919 5.8913 2.88719 55.5408 1.73888 53.8019 51.0836 47.3536 5.73352 3.58631 41.6201 37.5813 11.0211 8.54504 5.82761 26.5602 8.53712 6.42709 18.0231 14.6691 7.39793 7.27121 4.03877 0.98309
internal_count=734 164 80 52 84 67 45 570 55 515 489 455 71 44 384 344 114 93 57 230 77 59 153 127 68 59 40 41
is_linear=0
shrinkage=0.1


Tree=62
num_leaves=28
num_cat=0
split_feature=6 9 5 2 5 7 2 9 2 17 7 2 0 7 18 5 7 9 9 9 9 9 2 10 9 9 3
split_gain=0.39774 0.484518 0.506959 0.675338 0.806814 0.806569 1.34761 0.859783 0.606301 0.592443 0.517522 1.17663 1.25534 0.758975 0.5323 0.455057 0.6217 1.47738 0.747885 0.969681 0.650215 0.534584 0.886553 0.612165 0.333539 0.27688 0.0611576
threshold=1.0000000180025095e-35 49.150000000000006 164.50000000000003 123.50000000000001 159.50000000000003 0.8500000000000002 150.50000000000003 69.450000000000017 136.50000000000003 1.0000000180025095e-35 0.55000000000000016 138.50000000000003 53.500000000000007 0.8500000000000002 1.0000000180025095e-35 199.50000000000003 0.35000000000000003 67.450000000000017 70.250000000000014 72.550000000000011 76.050000000000011 80.600000000000009 139.50000000000003 1.0000000180025095e-35 82.550000000000011 73.950000000000017 259.50000000000006
decision_type=2 2 2 2 2 2 2 2 2 2 2 2 2 2 2 2 2 2 2 2 2 2 2 2 2 2 2
left_child=1 -1 3 -3 5 7 8 -5 -7 -9 11 26 -13 25 -15 16 -2 -18 -19 -20 -21 -22 -23 -24 -14 -12 -4
right_child=15 2 10 4 -6 6 -8 9 -10 -11 13 12 24 14 -16 -17 17 18 19 20 21 22 23 -25 -26 -27 -28
leaf_value=0.0527423453132305 -0.019104968884432857 0.055846393675360068 -0.1146341217473511 -0.068265680427743239 0.041704884379715756 -0.052317772786635609 0.076601666384364331 0.011351056634992258 0.010845527198738082 -0.044377834803512317 0.047427091503136981 0.04479428750171735 -0.082512306995054588 -0.0021344221948890354 -0.048749683415920585 -0.03931984908530968 0.11178834536288991 -0.048628082765270197 0.12033225259038141 -0.030245225174599766 0.082237085754608849 0.085197264402301687 -0.052774867207655944 0.035516293981555924 -0.019550512327866393 0.00075429504606858806 -0.080902146076905865
leaf_weight=1.4436140796169628 3.5576442629098954 2.2392685730010298 1.2436770270578592 3.4732948946766617 3.6797515237703911 2.2539201136678439 2.4477587253786623 5.2381016900762898 4.665217274799943 3.0001899218186736 2.6722803320735684 2.2202343619428575 1.739407171495259 5.6925102397799474 4.3000378385186195 1.5220720954239357 1.8125842134468246 1.6100162845104922 0.96061742259189387 2.3580873692408186 1.5531994721386579 1.257303283549845 1.7863491754978895 1.4013389553874731 1.6296844561584292 2.4240202885121107 0.94656887417659152
leaf_count=13 28 18 26 38 35 18 35 38 37 27 23 31 26 39 34 11 35 16 17 26 27 24 29 29 19 18 17
internal_value=9.97543e-05 -0.00437033 -0.00602373 0.00325611 -0.00150043 -0.00904295 0.0128302 -0.026537 -0.00973002 -0.00894408 -0.0169791 -0.0379297 -0.0135848 -0.00617733 -0.0221941 0.0129711 0.0178548 0.0281763 0.0143065 0.025182 0.0142437 0.0317338 0.0140866 -0.0139612 -0.0520567 0.0252275 -0.100056
internal_weight=69.1287 51.3095 49.8659 26.9975 24.7582 21.0785 9.3669 11.7116 6.91914 8.23829 22.8684 7.77957 5.58933 15.0888 9.99255 17.8192 16.2971 12.7395 10.9269 9.3169 8.35628 5.99819 4.44499 3.18769 3.36909 5.0963 2.19025
internal_count=734 492 479 246 228 193 90 103 55 65 233 119 76 114 73 242 231 203 168 152 135 109 82 58 45 41 43
is_linear=0
shrinkage=0.1


Tree=63
num_leaves=31
num_cat=0
split_feature=3 9 9 9 5 5 3 3 2 3 10 2 3 9 7 5 5 3 9 3 3 1 2 3 10 5 15 5 3 9
split_gain=0.370434 0.325863 0.712989 0.683276 0.558183 0.820257 0.565778 0.815072 0.373057 0.859029 1.46877 0.852268 0.827536 1.32895 1.26133 0.826484 0.741309 0.902523 0.738793 0.737486 0.710621 0.796376 0.694219 1.18678 0.579432 0.543721 0.214065 0.191842 0.120758 0.0732099
threshold=160.50000000000003 96.15000000000002 93.65000000000002 90.65000000000002 120.50000000000001 128.50000000000003 314.50000000000006 303.50000000000006 147.50000000000003 247.50000000000003 1.0000000180025095e-35 140.50000000000003 246.50000000000003 77.750000000000014 0.75000000000000011 155.50000000000003 168.50000000000003 267.50000000000006 77.950000000000017 213.50000000000003 274.50000000000006 1.0000000180025095e-35 127.50000000000001 208.50000000000003 1.0000000180025095e-35 154.50000000000003 1.0000000180025095e-35 157.50000000000003 257.50000000000006 72.950000000000017
decision_type=2 2 2 2 2 2 2 2 2 2 2 2 2 2 2 2 2 2 2 2 2 2 2 2 2 2 2 2 2 2
left_child=-1 2 3 4 -2 -6 7 8 9 10 15 16 13 14 -10 -7 25 -18 -13 -12 24 -22 -17 -24 -14 -11 -25 -15 -3 -8
right_child=1 28 -4 -5 5 6 29 -9 12 11 19 18 20 27 -16 22 17 -19 -20 -21 21 -23 23 26 -26 -27 -28 -29 -30 -31
leaf_value=-0.045213017246125885 0.057026988616239387 0.049509979555373958 -0.060259776179072855 0.054815469877315906 -0.063687601843881267 -0.047841784367986258 -0.049792099454755434 0.060873068937863331 -0.10051579759320227 -0.012606348850643354 0.017884173135403976 -0.024978903446461143 0.096507759546669056 0.0060985605621385539 0.010036058366672396 0.052750120427237368 -0.08275026936858243 0.013431307877901115 -0.099751893873366804 0.090609076831164745 0.055702153201948025 -0.034798117876263766 -0.080473072754942226 0.045071727040347231 0.024437977520333276 0.052878895303211604 -0.0041746852506404078 0.051457215488836076 0.013116324504441175 -0.023267545557338669
leaf_weight=1.7571579627692688 1.6340160099789489 1.7289473707787686 1.9278066083788861 2.3133051316253832 2.0933343963697544 4.0393606480211073 1.8823016909882415 2.3240442124661049 2.2473338840063688 2.5342548508197051 3.0672264844179145 3.2829136769287279 2.3074972815811616 1.630973835475743 1.9084702236577866 2.3908947641029954 2.0853193877264862 1.833311330527067 2.2115711066871881 2.5567163396626711 1.687830585986376 2.2937364811077714 1.7164236220996825 1.7975889313966036 2.1596648339182138 2.5373978642746806 1.7342110467143357 2.1771370936185122 1.9288777392357586 2.3269757758826017
leaf_count=19 17 21 19 28 20 38 22 30 30 20 26 37 27 17 24 19 27 18 20 28 19 30 20 19 20 25 24 25 22 23
internal_value=0.000105425 0.00130543 -0.000387108 0.00151211 -0.000597122 -0.00225407 9.55254e-05 0.00303015 0.000241152 -0.00608046 0.00896066 -0.0240475 0.0124845 -0.0106434 -0.0497471 -0.0112579 -0.00508436 -0.0377522 -0.0550756 0.0509458 0.0342853 0.00356595 0.00808663 -0.0122604 0.0616654 0.0201566 0.0208904 0.0320306 0.0303185 -0.0351288
internal_weight=68.1166 66.3594 62.7016 60.7738 58.4605 56.8265 54.7332 50.5239 48.1998 31.7872 17.3024 14.4848 16.4126 7.96392 4.1558 11.6785 8.99028 3.91863 5.49448 5.62394 8.44873 3.98157 7.63912 5.24822 4.46716 5.07165 3.5318 3.80811 3.65783 4.20928
internal_count=734 715 672 653 625 608 588 543 513 321 174 147 192 96 54 120 90 45 57 54 96 49 82 63 47 45 43 42 43 45
is_linear=0
shrinkage=0.1


Tree=64
num_leaves=29
num_cat=0
split_feature=6 11 15 14 18 3 7 5 3 7 2 9 0 9 9 7 9 0 0 9 20 1 19 0 2 5 0 9
split_gain=0.361295 0.416819 0.747136 0.361277 0.848208 0.543671 0.464831 0.353804 0.678 0.987155 0.901982 0.56742 0.417313 1.15516 0.757212 0.592895 0.873013 1.95299 0.727009 0.500734 1.51889 0.904206 0.706534 0.469885 0.784729 0.693708 0.263078 0.234905
threshold=1.0000000180025095e-35 1.0000000180025095e-35 1.0000000180025095e-35 1.0000000180025095e-35 1.0000000180025095e-35 259.50000000000006 0.75000000000000011 180.50000000000003 232.50000000000003 1.0500000000000003 146.50000000000003 68.15000000000002 52.500000000000007 85.250000000000014 95.350000000000009 1.2500000000000002 69.15000000000002 47.500000000000007 46.500000000000007 66.15000000000002 1.0000000180025095e-35 1.0000000180025095e-35 1.0000000180025095e-35 64.500000000000014 153.50000000000003 156.50000000000003 52.500000000000007 73.65000000000002
decision_type=2 2 2 2 2 2 2 2 2 2 2 2 2 2 2 2 2 2 2 2 2 2 2 2 2 2 2 2
left_child=7 3 -3 4 26 -5 -6 12 9 -9 11 -10 13 15 19 16 18 -18 -1 20 -14 22 -21 24 25 -23 -2 -28
right_child=1 2 -4 5 6 -7 -8 8 10 -11 -12 -13 14 -15 -16 -17 17 -19 -20 21 -22 23 -24 -25 -26 -27 27 -29
leaf_value=0.00085214870872038311 -0.032935919999615031 0.0071503754358079501 0.11553260869771649 0.019218522404149837 0.021550839274978365 -0.057897821680865158 0.085505893354166432 -0.11207257799598352 0.0081693294374734892 0.0010765549156563441 0.041697630432663668 -0.077052934600247494 0.034625375193855119 0.071503389492287767 -0.065880970687318074 -0.041279213615772373 0.044149559029393423 -0.075285244958569364 0.073983490264430588 0.0026778020629474172 -0.076937568746917998 0.03064342856591841 0.07746563214854664 0.03046206615664945 -0.066830857634911631 -0.029862358519261657 0.035977019119056479 -0.016677041263668434
leaf_weight=2.6053119916468876 2.702742103487255 1.6572147961705914 1.0321943792514503 1.7418934553861611 2.8952331421896815 1.923964495770633 1.8707409766502676 1.6757555380463585 1.4429633314721289 1.428192716091871 2.5912347566336393 1.7037055222317574 2.0749844387173715 2.7258248534053555 2.1045816065743557 2.7512017711997023 2.6517739687114954 2.8304906184785068 2.8424285412766039 2.4982467796653518 2.9629472154192626 3.4198787496425194 2.5551819745451212 2.3786275768652567 2.5592071870341897 4.2493793144822121 1.6466951277107003 1.7453019656240938
leaf_count=19 25 37 37 20 27 22 34 37 17 11 23 30 17 23 17 20 22 26 24 23 34 29 26 28 28 38 17 23
internal_value=8.8727e-05 0.0125847 0.0487474 0.00588967 0.0150518 -0.0212547 0.0466545 -0.00420943 -0.0223605 -0.0600103 -0.00199361 -0.0379727 -0.000315026 0.0120577 -0.00849952 0.000213864 0.0106581 -0.0175146 0.0390094 -0.00317916 -0.0309879 0.0047537 0.040493 -0.00957205 -0.018882 -0.00288159 -0.00966089 0.00888465
internal_weight=67.2679 17.216 2.68941 14.5266 10.8607 3.66586 4.76597 50.0519 8.84185 3.10395 5.7379 3.14667 41.2101 16.407 24.803 13.6812 10.93 5.48226 5.44774 22.6985 5.03793 17.6605 5.05343 12.6071 10.2285 7.66926 6.09474 3.392
internal_count=734 242 74 168 126 42 61 492 118 48 70 47 374 134 240 111 91 48 43 223 51 172 49 123 95 67 65 40
is_linear=0
shrinkage=0.1


Tree=65
num_leaves=31
num_cat=0
split_feature=6 9 9 9 19 3 5 15 15 0 9 9 9 9 2 2 9 7 0 5 11 5 9 9 9 5 0 21 5 15
split_gain=0.299962 0.385555 1.15862 0.966708 1.92357 0.556985 0.688851 1.24593 1.06828 0.672699 0.340751 0.463619 0.571371 0.711616 1.02654 0.7859 0.522323 0.613084 0.66805 0.585405 0.609 0.5767 0.51506 0.749021 0.491453 0.506146 0.919324 0.593883 0.377895 0.243513
threshold=1.0000000180025095e-35 70.250000000000014 72.550000000000011 67.800000000000026 1.0000000180025095e-35 312.50000000000006 151.50000000000003 1.0000000180025095e-35 1.0000000180025095e-35 55.500000000000007 49.150000000000006 56.150000000000006 60.400000000000006 66.15000000000002 139.50000000000003 149.50000000000003 68.350000000000009 0.25000000000000006 53.500000000000007 164.50000000000003 1.0000000180025095e-35 158.50000000000003 81.550000000000011 87.250000000000014 92.600000000000009 151.50000000000003 55.500000000000007 1.0000000180025095e-35 171.50000000000003 1.0000000180025095e-35
decision_type=2 2 2 2 2 2 2 2 2 2 2 2 2 2 2 2 2 2 2 2 2 2 2 2 2 2 2 2 2 2
left_child=10 3 -3 4 -2 6 7 -4 9 -8 -1 -12 -13 14 -14 -16 -15 18 -18 21 22 24 28 -24 25 26 -19 -28 -21 -30
right_child=1 2 5 -5 -6 -7 8 -9 -10 -11 11 12 13 16 15 -17 17 19 -20 20 -22 -23 23 -25 -26 -27 27 -29 29 -31
leaf_value=0.044867831119795913 0.11184458863451341 0.11860646474071151 0.11407404601735592 -0.071790715670148192 -0.042834666501926279 0.072001459749151855 -0.011715740069873613 -0.020784930450789205 0.033469135904341175 -0.094800169599445303 -0.046247314178295688 0.045577208360832865 -0.090972947122760772 0.043726301562446744 0.0405519012109379 -0.048382209500769102 -0.0099517453720498056 -0.034942433148030493 -0.10998476874169046 -0.075567318810577877 0.021950993167488789 0.05571660351128277 0.040113390516580014 -0.043370490621304852 -0.035990930157654387 0.046720760508886516 0.066038863416197205 -0.003050460904581677 0.00054507211157570187 -0.049816249497687023
leaf_weight=1.3938023131340731 1.3547952766530242 1.1111462488770474 1.3398195151239616 1.7467790041118858 1.9774703253060579 1.3287242238875467 2.2604162106290464 1.4018543972633779 2.7582562961615622 1.7129977568984029 2.6130581414327017 2.3049644101411095 2.2391870338469735 2.51795261632651 1.8837234997190537 2.1028983108699322 1.7539519241545343 3.979999792762106 1.0778862494044004 2.4382301680743677 3.4342328971251836 2.6559242308139792 2.2437455290928483 2.06268326099962 2.4311917619779697 3.2982117142528287 2.3515540845692158 2.642009892500937 1.8755667395889759 1.9671202264726162
leaf_count=13 25 19 28 17 24 20 31 28 35 15 26 20 19 27 22 19 35 32 35 19 26 24 22 18 18 28 24 25 19 21
internal_value=7.91451e-05 0.0115359 0.0213714 -0.0115337 0.0200531 0.0113694 0.00286517 0.0451189 -0.0143439 -0.0475347 -0.00387225 -0.00529126 -0.00292674 -0.0055294 -0.036792 -0.00635985 -0.00023037 -0.00346549 -0.0480274 0.000555876 -0.0146412 0.0128313 -0.0265107 0.000126475 0.00508454 0.0132221 0.000909754 0.0294849 -0.0447742 -0.0252355
internal_weight=66.2602 16.9923 11.9132 5.07904 3.33227 10.8021 9.47334 2.74167 6.73167 3.97341 49.2679 47.8741 45.261 42.9561 6.22581 3.98662 36.7303 34.2123 2.83184 31.3805 14.0216 17.3589 10.5873 4.30643 14.703 12.2718 8.97356 4.99356 6.28092 3.84269
internal_count=734 242 176 66 49 157 137 56 81 46 492 479 453 433 60 41 373 346 70 276 125 151 99 40 127 109 81 49 59 40
is_linear=0
shrinkage=0.1


Tree=66
num_leaves=28
num_cat=0
split_feature=7 2 3 2 0 14 3 9 8 9 0 7 3 7 3 9 5 2 5 21 0 12 5 10 2 9 5
split_gain=0.300872 0.923219 0.638617 0.828321 0.839699 0.773111 0.755255 1.24179 0.851115 0.671257 0.641664 0.562548 0.581559 0.941421 0.904365 0.63906 0.632172 0.786849 0.617079 1.05361 0.939136 0.673046 0.557897 0.606825 0.450905 0.44886 0.214608
threshold=0.75000000000000011 160.50000000000003 273.50000000000006 146.50000000000003 57.500000000000007 1.0000000180025095e-35 243.50000000000003 73.250000000000014 1.0000000180025095e-35 69.950000000000017 54.500000000000007 0.65000000000000002 272.50000000000006 0.55000000000000016 302.50000000000006 77.350000000000009 135.50000000000003 125.50000000000001 163.50000000000003 1.0000000180025095e-35 48.500000000000007 1.5000000000000002 147.50000000000003 1.0000000180025095e-35 163.50000000000003 78.850000000000009 150.50000000000003
decision_type=2 2 2 2 2 2 2 2 2 2 2 2 2 2 2 2 2 2 2 2 2 2 2 2 2 2 2
left_child=11 2 6 5 -5 -4 7 8 -2 -8 -11 12 13 16 15 -14 -1 -18 20 21 -19 -20 -9 -24 -3 -16 -22
right_child=1 24 3 4 -6 -7 9 22 -10 10 -12 -13 14 -15 25 -17 17 18 19 -21 26 -23 23 -25 -26 -27 -28
leaf_value=-0.065215142783282429 -0.053229755414918402 0.019498738578204985 0.091205753784248583 -0.056927398216561842 0.032049907239215809 0.002020787030318133 0.015497937876351994 0.076922689156619262 0.024389720024694032 -0.082766173230884796 -0.018130012671007317 -0.041771133412397826 -0.010833919656449732 0.0548138423133991 -0.022004011697331502 -0.087169100609647096 -0.057940101973090734 -0.024550335609602018 0.05993760771186124 -0.069687604386271668 0.033117806409016813 -0.026041620279427927 -0.0064105237222324991 0.060621014886088065 0.11197499884065301 0.04020629821164113 0.078567628301142667
leaf_weight=1.4547192384488976 4.0116473212838235 0.95800771331414525 2.5912260646000487 1.8040009844116864 2.5739366936031729 1.5554353743791578 2.3691637907177192 2.1761068291962129 2.1805704301223159 2.7805679650045931 3.4310650583356619 4.0358061334118238 1.9157365183345954 3.5306861801072946 2.3693517190404236 2.5652551301755011 1.7751317797228683 1.8438935112208108 2.0151823814958334 1.9602599698118863 1.7171288775280116 1.6607968397438528 3.7637067819014192 2.1063580382615328 1.172656425507739 2.2719300575554371 2.6303965393453836
leaf_count=15 34 14 36 22 31 17 24 26 26 21 34 39 26 33 22 27 24 16 35 33 20 25 36 22 28 18 30
internal_value=8.43896e-05 0.00669875 0.00236886 0.0257227 -0.00461465 0.057752 -0.00635546 0.00776764 -0.0258963 -0.0297904 -0.0470637 -0.00689004 -0.00180989 0.00833875 -0.0224895 -0.0545339 -0.00255873 0.00414191 0.0134594 -0.0104805 0.0352526 0.0210924 0.0336749 0.0176424 0.070395 0.00844824 0.0606165
internal_weight=65.2207 33.4744 31.3438 8.5246 4.37794 4.14666 22.8192 14.2384 6.19222 8.5808 6.21163 31.7463 27.7105 18.5882 9.12227 4.48099 15.0575 13.6028 11.8277 5.63624 6.19142 3.67598 8.04617 5.87006 2.13066 4.64128 4.34753
internal_count=734 371 329 106 53 53 223 144 60 79 55 363 324 231 93 53 198 183 159 93 66 60 84 58 42 40 50
is_linear=0
shrinkage=0.1


Tree=67
num_leaves=31
num_cat=0
split_feature=3 9 8 7 17 9 9 3 3 1 7 5 2 9 15 9 5 2 2 9 0 3 3 2 3 3 5 9 6 3
split_gain=0.302614 0.330119 1.75823 0.769752 0.619415 0.53001 0.628966 0.393521 0.831315 0.340793 0.600865 0.983548 0.665016 0.670691 1.16879 0.70581 0.762353 0.621567 0.667242 0.527234 0.456721 1.02561 0.622717 0.601175 0.629157 0.839532 0.516859 0.126444 0.0129508 2.30519e-06
threshold=162.50000000000003 96.15000000000002 1.0000000180025095e-35 0.15000000000000005 1.0000000180025095e-35 93.250000000000014 90.550000000000011 188.50000000000003 196.50000000000003 1.0000000180025095e-35 1.4500000000000002 148.50000000000003 137.50000000000003 74.350000000000009 1.0000000180025095e-35 84.750000000000014 164.50000000000003 131.50000000000003 123.50000000000001 67.600000000000009 47.500000000000007 244.50000000000003 305.50000000000006 157.50000000000003 277.50000000000006 243.50000000000003 163.50000000000003 76.250000000000014 1.0000000180025095e-35 247.50000000000003
decision_type=2 2 2 2 2 2 2 2 2 2 2 2 2 2 2 2 2 2 2 2 2 2 2 2 2 2 2 2 2 2
left_child=-1 3 -3 4 28 6 7 -5 -9 20 12 -12 17 19 15 16 -15 18 -11 -14 21 -10 23 24 25 26 -22 -13 29 -2
right_child=1 2 -4 5 -6 -7 -8 8 9 10 11 27 13 14 -16 -17 -18 -19 -20 -21 22 -23 -24 -25 -26 -27 -28 -29 -30 -31
leaf_value=-0.039958395283244075 -0.10130177448232514 0.09678424731097332 -0.045337835591897621 0.034075223506562918 0.0076415054396298393 -0.048778818315888234 0.056492064470925918 -0.069869029091678886 -0.056835215707581765 0.027428634519475376 -0.028458078455559335 0.076959352503846695 -0.014153274110444952 0.039554439981454095 -0.054102686951004869 0.067103574001516217 -0.044498434875743426 0.039902966042799026 -0.052747307407387693 -0.079602590951563482 0.076229607559948967 0.032370339097357405 -0.029039886572399767 0.080190339718871601 0.067990674263256765 -0.026724759753230395 0.0050611554666398348 0.03806290484978566 -0.12387633029812072 -0.10174965452378766
leaf_weight=1.8331128444988269 0.22271519294008502 1.8832811266183846 1.6185973905958233 3.4049777565523973 0.6916193407960235 2.0235152007080606 2.1392002133652559 1.6961703374981869 2.6741388263180879 1.9199525061994851 2.1604668009094885 1.7234870577231052 2.0152902584522954 2.0038090581074339 3.7286615883931518 1.9199716430157421 2.3382436381652951 3.8162079881876707 2.2596320929005742 3.1619319599121809 1.9166064094752053 2.4879101724363863 2.1228283334057769 1.9721525437198568 2.1364060416817665 3.842300571501255 2.1824898673221469 1.6225640465272588 0.59468982368707657 0.23742105113342404
leaf_count=23 21 25 18 36 25 20 25 14 21 18 23 21 22 23 38 24 25 35 27 35 24 24 24 26 18 33 22 19 6 19
internal_value=8.90179e-05 0.00126328 0.0310942 -0.000506845 -0.0659064 0.00148755 0.00332869 0.00118719 -0.00106593 0.0013651 -0.00555412 0.0241378 -0.0126125 -0.0249147 -0.00977734 0.0166158 -0.00570897 0.0107244 -0.0159173 -0.0541257 0.0116251 -0.0138416 0.0209006 0.0296986 0.0198177 0.00685818 0.0383372 0.0580977 -0.11413 -0.101533
internal_weight=64.3504 62.5172 3.50188 59.0154 1.74645 57.2689 55.2454 53.1062 49.7012 48.0051 28.6702 5.50652 23.1637 15.1679 9.99069 6.26202 4.34205 7.99579 4.17958 5.17722 19.3348 5.16205 14.1728 12.05 10.0778 7.9414 4.0991 3.34605 1.05483 0.460136
internal_count=734 711 43 668 71 597 577 552 516 502 310 63 247 167 110 72 48 80 45 57 192 45 147 123 97 79 46 40 46 40
is_linear=0
shrinkage=0.1


Tree=68
num_leaves=27
num_cat=0
split_feature=6 11 15 10 3 5 2 9 9 9 2 8 7 18 0 9 7 2 5 14 18 7 7 0 9 9
split_gain=0.313408 0.390738 0.62288 0.368898 0.547207 0.969557 0.480675 0.46725 1.38011 0.549334 0.456081 0.410192 0.479645 0.720832 0.451089 0.439551 0.437398 0.407382 0.311431 0.260259 0.59804 0.424615 0.37531 0.211197 0.283232 0.15372
threshold=1.0000000180025095e-35 1.0000000180025095e-35 1.0000000180025095e-35 1.0000000180025095e-35 215.50000000000003 164.50000000000003 156.50000000000003 75.15000000000002 63.850000000000001 85.450000000000017 124.50000000000001 1.0000000180025095e-35 1.0500000000000003 1.0000000180025095e-35 54.500000000000007 77.750000000000014 0.45000000000000007 147.50000000000003 157.50000000000003 1.0000000180025095e-35 1.0000000180025095e-35 0.75000000000000011 1.2500000000000002 52.500000000000007 74.850000000000009 79.65000000000002
decision_type=2 2 2 2 2 2 2 2 2 2 2 2 2 2 2 2 2 2 2 2 2 2 2 2 2 2
left_child=3 19 -3 4 5 -1 7 8 -5 25 -6 12 13 16 -13 -16 -12 -15 -10 20 23 -22 -21 -2 -25 -9
right_child=1 2 -4 6 10 -7 -8 9 18 -11 11 14 -14 17 15 -17 -18 -19 -20 22 21 -23 -24 24 -26 -27
leaf_value=-0.010460746222003204 -0.028908597691455602 0.010305151350846073 0.11372434711303513 0.034775548159117403 0.036686707005904103 -0.097915408433067702 0.048945604175138817 0.023580435319867227 -0.021079897871765695 -0.014065839333134926 -0.043594913908285557 -0.0042591468043894206 -0.025634594022913272 0.014337741326824053 -0.086215694819211694 -0.01612055718482806 0.013896269465357186 0.075622501269265605 -0.076501486531418236 0.011162383979782605 0.017239838950971142 0.081474622145608522 -0.055491115691970384 0.038823826276818907 -0.020059425128654437 0.060869737646005007
leaf_weight=4.0123229434248087 2.5781957022845763 1.5792299080640071 0.92260302964132268 2.9775543366558868 2.4679518141783801 1.8531742743216453 2.4247505422681561 2.3945879302918911 1.6985381441190837 3.0951332878321409 2.303210897836836 3.9658501679077736 4.5167289674282065 2.2309937407262623 1.898524319753051 1.6918176920153198 3.110591059550643 2.1109944665804505 2.5155327469110489 1.9036303213797503 2.744415127672255 1.6464885135646907 1.5187703985720871 1.6332810353487732 1.6342454263940451 2.053585734218359
leaf_count=38 25 37 37 23 24 32 33 21 18 27 32 32 39 27 24 19 28 24 31 23 27 34 19 18 22 20
internal_value=8.76114e-05 0.012111 0.0484431 -0.00401848 -0.010678 -0.0380916 0.00768726 0.000897872 -0.0173397 0.0182852 -0.0040601 -0.00866693 0.00130733 0.0137809 -0.0275068 -0.0531859 -0.0105624 0.0441333 -0.0541631 0.00545626 0.0134377 0.0413264 -0.0184167 -0.00751042 0.00937351 0.0407958
internal_weight=63.4827 16.1609 2.50183 47.3218 30.1622 5.8655 17.1597 14.7349 7.19163 7.54331 24.2967 21.8287 14.2725 9.75579 7.55619 3.59034 5.4138 4.34199 4.21407 13.659 10.2366 4.3909 3.4224 5.84572 3.26753 4.44817
internal_count=734 242 74 492 319 70 173 140 72 68 249 225 150 111 75 43 60 51 49 168 126 61 42 65 40 41
is_linear=0
shrinkage=0.1


Tree=69
num_leaves=30
num_cat=0
split_feature=5 5 5 3 5 7 2 9 0 15 5 3 5 2 2 9 2 2 5 19 15 18 0 0 9 3 9 10 7
split_gain=0.301458 0.596604 0.981109 0.627883 0.492896 0.566927 0.699757 0.302501 0.500954 1.32766 0.425875 0.724434 0.5275 0.74013 1.25639 1.00896 0.892297 0.834395 0.795919 0.684921 0.587967 0.568897 0.648133 0.605684 0.566627 0.545149 0.390515 0.315665 0.111315
threshold=180.50000000000003 192.50000000000003 188.50000000000003 238.50000000000003 195.50000000000003 0.65000000000000002 146.50000000000003 90.65000000000002 54.500000000000007 1.0000000180025095e-35 177.50000000000003 179.50000000000003 120.50000000000001 141.50000000000003 138.50000000000003 70.350000000000009 130.50000000000003 148.50000000000003 171.50000000000003 1.0000000180025095e-35 1.0000000180025095e-35 1.0000000180025095e-35 63.500000000000007 58.500000000000007 69.15000000000002 267.50000000000006 74.350000000000009 1.0000000180025095e-35 0.75000000000000011
decision_type=2 2 2 2 2 2 2 2 2 2 2 2 2 2 2 2 2 2 2 2 2 2 2 2 2 2 2 2 2
left_child=7 2 3 -2 -3 6 -6 10 -9 -10 11 -1 -13 14 15 16 -14 19 21 25 28 22 24 26 -19 -15 -23 -25 -17
right_child=1 4 -4 -5 5 -7 -8 8 9 -11 -12 12 13 17 -16 20 -18 18 -20 -21 -22 23 -24 27 -26 -27 -28 -29 -30
leaf_value=0.056521326543144748 -0.055018566957482411 0.052256980887893045 -0.096181667694021505 0.024429345555975528 -0.093386420782124113 0.022441596028267684 0.012191394176195268 0.065438453985130304 0.062040520016896653 -0.055761908155456612 0.039972929130232801 0.054138249201785386 0.0014769040363738237 -0.096370498936410282 0.070383629349699314 -0.019707206623158946 -0.070929980370694451 0.040418332493704037 0.05718768426907276 -0.0083570714336682495 0.055127276846492823 0.04559099339983852 0.064618920372588776 -0.032850473056000494 -0.042912823968480118 -0.027613622524085748 -0.030681111370958115 -0.091474271689776468 0.014420009370059007
leaf_weight=2.0327635915018609 1.7208835433702896 1.7504435861483214 1.8945433392655102 2.3574785077944398 1.3225230141542854 2.7437573000788689 1.1950227506458757 2.0093492488376787 1.9343851869925857 1.8928898978047073 2.607775615528225 1.4670246774330724 3.8436596645042318 2.873570867348465 2.7635042460169634 1.9631700697354975 3.054474619217217 1.2811325134243801 1.8273173631168891 3.0800048094242811 3.1736488225869834 1.1744799520820381 1.5675080455839632 1.9798765347804874 2.2474267655052245 1.9260540194809435 1.5667995125986633 1.7133527466794476 1.8625300489366052
leaf_count=24 20 17 28 32 33 22 12 28 25 21 28 17 35 29 34 23 25 17 19 36 35 20 18 26 31 20 20 20 19
internal_value=7.86463e-05 -0.0134928 -0.0367173 -0.00909406 0.00629094 -0.00900203 -0.043271 0.00361417 0.0250055 0.00377791 0.000776985 -0.00169206 -0.00469809 -0.0069756 0.00880212 -0.00344331 -0.0305847 -0.0193533 -0.00412973 -0.0451611 0.0233056 -0.0138471 0.0111122 -0.0336145 -0.0126573 -0.0687789 0.00199708 -0.0600471 -0.00309248
internal_weight=62.8274 12.9847 5.97291 4.07836 7.01175 5.2613 2.51755 49.8427 5.83662 3.82728 44.0061 41.3983 39.3655 37.8985 16.661 13.8975 6.89813 21.2375 13.3579 7.87963 6.99935 11.5306 5.09607 6.43451 3.52856 4.79962 2.74128 3.69323 3.8257
internal_count=734 164 80 52 84 67 45 570 74 46 496 468 444 427 171 137 60 256 171 85 77 152 66 86 48 49 40 46 42
is_linear=0
shrinkage=0.1


Tree=70
num_leaves=28
num_cat=0
split_feature=6 0 0 7 5 0 2 9 5 2 2 0 3 9 9 21 2 21 0 0 8 2 3 0 0 5 7
split_gain=0.308423 0.404604 0.4168 1.09906 0.694428 0.736831 0.443139 0.394431 0.346037 0.960529 0.695248 0.401492 0.819223 0.496462 0.535876 1.1726 0.675174 0.991968 1.56443 1.31254 0.781334 0.4401 0.336604 2.03786 0.777656 0.259819 0.242407
threshold=1.0000000180025095e-35 40.500000000000007 52.500000000000007 0.95000000000000007 143.50000000000003 55.500000000000007 145.50000000000003 74.350000000000009 185.50000000000003 146.50000000000003 134.50000000000003 52.500000000000007 276.50000000000006 94.250000000000014 66.15000000000002 1.0000000180025095e-35 162.50000000000003 1.0000000180025095e-35 62.500000000000007 62.500000000000007 1.0000000180025095e-35 151.50000000000003 242.50000000000003 44.500000000000007 46.500000000000007 128.50000000000003 1.1500000000000001
decision_type=2 2 2 2 2 2 2 2 2 2 2 2 2 2 2 2 2 2 2 2 2 2 2 2 2 2 2
left_child=8 -2 3 7 25 -6 -5 -3 11 10 -10 12 21 14 15 -13 17 18 20 -19 -16 22 24 -24 -1 -4 -7
right_child=1 2 4 6 5 26 -8 -9 9 -11 -12 13 -14 -15 16 -17 -18 19 -20 -21 -22 -23 23 -25 -26 -27 -28
leaf_value=-0.031306433470903082 0.060412749996485937 -0.010406114077020912 0.027493516489796699 0.10570412085931419 0.047753202557394792 0.001096137906743026 -0.0019386641203286621 -0.078181620822830561 -0.02387376305502853 0.021757190843256644 -0.11151032739668315 -0.074843977472548742 0.063629093410095178 -0.05714824483660827 0.031080099081254853 0.024546891929703614 -0.052254411488104981 0.01806055898240249 0.094564090667755563 -0.08322104940288555 -0.037723831335225916 0.042219055386204268 0.041047810942318061 -0.087287002936490984 0.039302712175567113 0.10753897347543445 -0.045040254966535131
leaf_weight=2.7317043612711149 1.5645898077636946 1.5659063551574939 0.65755206160247137 0.79813330294564344 2.7197120930068195 2.8137446912005544 0.73430925817228854 1.9011954646557567 2.3729609050787981 2.5632268115878105 1.4635895332321522 2.8656872953288319 2.5470862202346316 1.9538698070682574 4.3640854656696337 2.0263694701716304 1.8997926837764669 3.0883533833548418 2.705611253157258 2.1846614321693778 2.654342389665544 2.2501183953136197 2.3775809071958065 2.5799915408715606 3.6358273460064083 1.0579097857698796 1.9131480128271503
leaf_count=21 16 17 11 26 35 35 16 25 38 30 30 36 23 18 39 18 21 38 26 25 29 24 18 26 32 34 27
internal_value=5.76051e-05 0.0121559 0.00682439 -0.0163997 0.0194973 0.00628347 0.0541243 -0.047571 -0.0040548 -0.0256397 -0.0573059 -0.000589646 0.0115889 -0.00885936 -0.00452916 -0.0336747 0.00390919 0.0110239 0.0299626 -0.0239014 0.00505872 0.00182469 -0.00620103 -0.0257395 0.00901102 0.0768568 -0.017577
internal_weight=61.9911 15.7262 14.1616 4.99954 9.16207 7.4466 1.53244 3.4671 46.2649 6.39978 3.83655 39.8651 16.1223 23.7428 21.7889 4.89206 16.8968 14.9971 9.72404 5.27301 7.01843 13.5752 11.3251 4.95757 6.36753 1.71546 4.72689
internal_count=734 242 226 84 142 97 42 42 492 98 68 394 144 250 232 54 178 157 94 63 68 121 97 44 53 45 62
is_linear=0
shrinkage=0.1


Tree=71
num_leaves=29
num_cat=0
split_feature=3 7 13 0 17 10 2 15 2 0 0 3 7 9 2 7 20 5 7 8 3 0 9 10 7 7 11 2
split_gain=0.319072 0.313166 0.920481 0.773043 0.760603 1.05283 0.819634 0.950573 0.54539 0.904211 0.481008 0.635016 1.51819 0.910089 0.90829 0.534804 0.816246 0.747573 0.548708 0.462902 0.80909 0.348282 0.821612 0.496565 1.15496 0.670268 0.756586 0.874707
threshold=162.50000000000003 0.45000000000000007 1.0000000180025095e-35 43.500000000000007 1.0000000180025095e-35 1.0000000180025095e-35 133.50000000000003 1.0000000180025095e-35 137.50000000000003 55.500000000000007 69.500000000000014 281.50000000000006 1.3500000000000003 66.600000000000009 148.50000000000003 0.65000000000000002 1.0000000180025095e-35 169.50000000000003 0.75000000000000011 1.5000000000000002 244.50000000000003 60.500000000000007 87.500000000000014 1.0000000180025095e-35 1.3500000000000003 0.95000000000000007 1.0000000180025095e-35 138.50000000000003
decision_type=2 2 2 2 2 2 2 2 2 2 2 2 2 2 2 2 2 2 2 2 2 2 2 2 2 2 2 2
left_child=-1 2 3 -2 5 8 -6 -8 -5 -10 11 15 13 -13 -15 16 -3 -18 -17 21 -21 22 23 25 -25 -20 27 -27
right_child=1 10 -4 4 6 -7 7 -9 9 -11 -12 12 -14 14 -16 18 17 -19 19 20 -22 -23 -24 24 -26 26 -28 -29
leaf_value=-0.04196160333545236 -0.050631741468398675 -0.017975357402456673 -0.0663058865594085 0.049966306765706195 0.045556887593919133 0.073428666804537412 -0.11389336999738522 0.0044929920375694366 0.026903432525591561 -0.087891661282207156 -0.038123458853240352 -0.052163350422434911 0.12187101182995444 -0.0038988162974592242 0.082855640313931334 -0.042400678443688236 0.098917711649078185 0.0088795838750623819 -0.055791716347537539 0.0829786595363603 -0.015904514713480557 -0.036195587328009225 0.058260914075445348 0.071731973267549265 -0.028932992849124341 0.073990777795800017 -0.056101974058346299 -0.012553507629613658
leaf_weight=1.7555125358048815 2.4939099210314479 2.2888234341517082 2.5052713938057414 1.2919063619337956 1.1616201535798611 3.1622504945844412 1.3594113430008292 1.3535529037471861 1.4135851464234295 1.3333832875359801 2.3631174070760599 1.6457370514981429 1.5629878481850026 2.7802721718326211 2.1324225277639925 3.2683616448193815 2.0256144981831317 1.6927703749388454 3.4030888788402169 1.739642092958092 1.5781018552370367 2.9368690233677617 2.1910299141891292 2.2251897780224672 2.3365243673324585 1.8164068050682542 1.8655760665424166 3.2707588411867619
leaf_count=23 28 23 32 20 16 28 20 26 17 27 27 19 27 39 31 32 20 22 23 29 21 30 31 27 22 18 23 33
internal_value=5.26376e-05 0.00129856 -0.0106143 -0.000332286 0.0109936 0.0302159 -0.0247321 -0.054828 -0.00361764 -0.0288183 0.00573926 0.00828225 0.0333044 0.0121975 0.0337581 0.00205605 0.0290081 0.0579284 -0.00402346 0.00134527 0.0359444 -0.00438127 0.00108 -0.00731851 0.0201711 -0.0194276 -0.0016288 0.0183477
internal_weight=60.9537 59.1982 16.0749 13.5696 11.0757 7.20113 3.87458 2.71296 4.03887 2.74697 43.1233 40.7602 8.12142 6.55843 4.91269 32.6388 6.00721 3.71838 26.6315 23.3632 3.31774 20.0454 17.1086 14.9175 4.56171 10.3558 6.95274 5.08717
internal_count=734 711 214 182 154 92 62 46 64 44 497 470 116 89 70 354 65 42 289 257 50 207 177 146 49 97 74 51
is_linear=0
shrinkage=0.1


Tree=72
num_leaves=31
num_cat=0
split_feature=6 0 8 5 2 3 3 9 9 2 5 13 0 9 3 0 9 7 2 19 2 13 9 0 9 17 7 7 7 9
split_gain=0.288252 0.357514 0.382674 1.04851 0.84719 0.41789 0.771064 0.362792 0.750686 0.51257 0.315079 0.566561 1.09194 0.513189 0.343066 0.323013 0.747617 0.498969 0.781885 1.12436 0.704281 0.6824 0.856101 0.80388 0.443062 0.768615 0.320189 0.00826494 0.000360301 5.31983e-05
threshold=1.0000000180025095e-35 40.500000000000007 1.0000000180025095e-35 190.50000000000003 135.50000000000003 200.50000000000003 236.50000000000003 76.250000000000014 69.050000000000011 147.50000000000003 180.50000000000003 1.0000000180025095e-35 58.500000000000007 68.950000000000017 229.50000000000003 52.500000000000007 85.250000000000014 0.75000000000000011 133.50000000000003 1.0000000180025095e-35 150.50000000000003 1.0000000180025095e-35 72.800000000000026 58.500000000000007 77.950000000000017 1.0000000180025095e-35 0.75000000000000011 0.55000000000000016 0.95000000000000007 74.450000000000017
decision_type=2 2 2 2 2 2 2 2 2 2 2 2 2 2 2 2 2 2 2 2 2 2 2 2 2 2 2 2 2 2
left_child=10 -2 5 4 -4 -3 -7 8 -8 -9 15 12 13 -12 -15 16 24 21 -19 20 -20 22 -17 -24 25 26 -1 -6 -29 -30
right_child=1 2 3 -5 27 6 7 9 -10 -11 11 -13 -14 14 -16 17 -18 18 19 -21 -22 -23 23 -25 -26 -27 -28 28 29 -31
leaf_value=0.013639878793636664 0.057870185014486868 -0.052888718919811784 -0.013747992946342808 -0.055122300004822038 0.11925637906695841 0.064443267724576578 0.013611451512564366 0.051328298114147589 -0.078836521969675721 -0.024919906969113337 -0.019215945389793161 0.029059643440190921 0.042103865740351645 -0.038865717052770671 -0.11162125610886597 -0.066376812531127413 0.06237837766072514 -0.049934488154090684 -0.032303659743124345 0.068640106548492716 0.037573648753233102 -0.074013420766249921 -0.032542424164762711 0.036958170500874403 -0.037791205905294029 0.050398454213523416 -0.030054323749979683 0.10651258308974286 0.10393204770299805 0.10206727584084148
leaf_weight=3.2714496427215618 1.5257763415575016 1.4362754486501206 0.83024352602660645 0.93091893941164006 0.57669497467577446 1.762202494777737 1.770015668589622 1.7601883350871506 1.7435483867302535 1.7664034608751533 1.937697191024198 1.6931761424057183 1.3797330777160821 1.0010640779510143 1.8381602524314073 2.1072521456517297 2.404664894565939 1.9741378277540196 3.7539409883320314 3.0840413710102439 2.3423496740870178 2.1080382796935728 2.9537652179133147 3.8120486438274384 2.3353862371295682 3.2641950091347098 3.4412445221096277 0.50172990723513045 0.27796788676641881 0.34024083847180009
leaf_count=31 16 15 17 10 6 26 25 28 19 24 25 21 19 20 33 37 23 15 30 37 31 22 35 33 22 31 27 16 14 26
internal_value=6.86846e-05 0.011954 0.00683894 0.0356018 0.0690252 -0.00287486 0.00528587 -0.00952166 -0.0322643 0.013137 -0.00397854 -0.0221692 -0.0362579 -0.0588914 -0.0859688 -0.000103816 0.0113781 -0.0077376 0.0071591 0.0194365 -0.00545502 -0.0228695 -0.0107188 0.00661615 0.00141738 0.0105953 -0.00875984 0.10953 0.104522 0.102906
internal_weight=59.9246 15.2222 13.6964 3.4578 2.52688 10.2386 8.80236 7.04016 3.51356 3.52659 44.7023 7.84983 6.15665 4.77692 2.83922 36.8525 14.7169 22.1356 11.1545 9.18033 6.09629 10.9811 8.87307 6.76581 12.3123 9.97689 6.71269 1.69663 1.11994 0.618209
internal_count=734 242 226 89 79 137 122 96 44 52 492 118 97 78 53 374 134 240 113 98 61 127 105 68 111 89 58 62 56 40
is_linear=0
shrinkage=0.1


Tree=73
num_leaves=28
num_cat=0
split_feature=7 9 19 9 9 5 0 5 11 3 5 2 2 0 3 9 9 7 3 15 9 7 9 9 21 0 2
split_gain=0.275181 0.719691 0.792043 0.932938 0.752235 0.572175 0.485121 0.429975 0.383435 0.882333 0.618365 0.984509 0.430346 0.363532 0.691353 1.44442 0.681416 0.806231 0.630021 0.705097 0.533572 0.516303 0.504459 0.444381 0.27783 0.4889 0.0315748
threshold=0.45000000000000007 70.90000000000002 1.0000000180025095e-35 60.400000000000006 75.850000000000009 172.50000000000003 53.500000000000007 182.50000000000003 1.0000000180025095e-35 215.50000000000003 158.50000000000003 147.50000000000003 144.50000000000003 44.500000000000007 276.50000000000006 76.550000000000011 63.850000000000001 0.75000000000000011 230.50000000000003 1.0000000180025095e-35 77.750000000000014 0.95000000000000007 85.450000000000017 66.15000000000002 1.0000000180025095e-35 54.500000000000007 139.50000000000003
decision_type=2 2 2 2 2 2 2 2 2 2 2 2 2 2 2 2 2 2 2 2 2 2 2 2 2 2 2
left_child=1 2 3 -1 -3 6 -6 -7 13 -10 11 -11 -12 21 16 23 -15 20 19 -19 -18 -2 -17 -16 25 -20 -4
right_child=8 4 26 -5 5 7 -8 -9 9 10 12 -13 -14 14 15 22 17 18 24 -21 -22 -23 -24 -25 -26 -27 -28
leaf_value=0.065979943965666144 0.054379553926556815 0.05350549611756919 -0.089135681964773852 -0.048342343991770717 0.048071589954112398 -0.095347186762662614 -0.014431935772393836 -0.012264353125682022 -0.028357086826301961 0.05511436034469254 0.029690046171963497 -0.05730371264587894 0.093800291719777176 0.030929170516033295 -0.048936816950649137 0.11337865445010267 -0.090357145509387116 -0.01332374402408648 -0.077773524894691526 0.065297116309592881 -0.027869441433774084 -0.011183362799091502 0.032649179070629426 0.013330804881067677 0.0032897045754155581 -0.013914068358382917 -0.067678538528926843
leaf_weight=1.1662570992484718 2.6223817747086278 2.4181081678252649 1.358056362718344 1.8400541953742502 1.9455053552519528 1.1309200117830189 3.4329245493281633 1.3866724390536544 2.6285514952614886 1.7721794834360483 1.9447951281908897 1.3900644871173424 2.2681880274321884 2.7900270698592129 2.1201399646233758 1.5480854078195991 2.3075248301029232 2.5865904903039318 1.9697221945971248 2.040643161162734 3.3507378567010164 2.2162130801007152 1.5480640102177856 2.4947555429534987 2.2616390585899353 3.0633741272613406 1.3854103744961319
leaf_count=16 22 32 20 32 21 18 37 30 26 34 25 29 32 31 22 24 24 27 19 25 32 22 22 32 26 34 20
internal_value=6.59236e-05 -0.0110989 -0.0394479 -0.00399259 0.00470473 -0.0102402 0.00817707 -0.0495857 0.00424428 0.0213896 0.0391194 0.00569744 0.0642058 -0.000965863 -0.00532793 0.0201746 -0.0149818 -0.0222679 -0.00751479 0.0213486 -0.0533529 0.0243499 0.0730142 -0.0152757 -0.0258236 -0.0389057 -0.0783001
internal_weight=58.9876 16.0639 5.74978 3.00631 10.3141 7.89602 5.37843 2.51759 42.9237 10.0038 7.37523 3.16224 4.21298 32.9199 28.0813 7.71104 20.3703 17.5802 11.922 4.62723 5.65826 4.83859 3.09615 4.6149 7.29474 5.0331 2.74347
internal_count=734 226 88 48 138 106 58 48 508 146 120 63 57 362 318 100 218 187 131 52 56 44 46 54 79 53 40
is_linear=0
shrinkage=0.1


Tree=74
num_leaves=27
num_cat=0
split_feature=6 11 15 5 3 7 2 9 9 9 5 3 8 3 3 5 0 7 9 21 17 8 3 0 3 0
split_gain=0.276741 0.300024 0.536414 0.286828 0.496641 0.726293 0.530944 0.412566 0.28131 0.746387 0.272543 0.565792 0.42213 0.333296 0.577662 0.908337 0.851894 0.686792 0.476591 0.402164 0.258906 0.232694 0.411064 0.492501 0.598842 0.517697
threshold=1.0000000180025095e-35 1.0000000180025095e-35 1.0000000180025095e-35 180.50000000000003 232.50000000000003 1.0500000000000003 146.50000000000003 68.15000000000002 95.350000000000009 90.050000000000011 173.50000000000003 243.50000000000003 2.5000000000000004 188.50000000000003 244.50000000000003 144.50000000000003 58.500000000000007 1.2500000000000002 72.200000000000003 1.0000000180025095e-35 1.0000000180025095e-35 1.5000000000000002 228.50000000000003 61.500000000000007 257.50000000000006 53.500000000000007
decision_type=2 2 2 2 2 2 2 2 2 2 2 2 2 2 2 2 2 2 2 2 2 2 2 2 2 2
left_child=3 21 -3 8 5 -5 7 -6 9 10 12 -12 13 -1 16 -16 18 19 -15 20 -17 22 -2 24 -24 -26
right_child=1 2 -4 4 6 -7 -8 -9 -10 -11 11 -13 -14 14 15 17 -18 -19 -20 -21 -22 -23 23 -25 25 -27
leaf_value=0.035355153215076082 0.031603155007538533 0.0090613366748710702 0.11164816649358036 -0.10956632275827836 0.0066931227833953166 -0.0034605627770692158 0.031117270487632121 -0.072007204769389918 -0.032601764639744721 0.058522184762706653 0.064633312292894415 -0.0095045833452113253 -0.046283174688543247 -0.020570821971782626 0.057395201754346682 0.0054949862659313155 0.028097190373514033 -0.054836278512879116 -0.076093809973179452 -0.02102206028829981 0.049625065414604035 0.039833112305125422 0.018417643889125559 0.031099379186121143 -0.011002838851730236 -0.085101977491900571
leaf_weight=2.2189355934970179 3.0317958826199156 1.4218054884113365 0.7945352658862247 1.3079646371770643 1.2911903029307725 1.2729528471827505 2.3730115601792932 1.3759068488143382 2.4923116448335341 2.1998022031038991 1.7854573004879046 2.43085768353194 2.3144115246832362 3.5936430126894283 2.8693897016346446 3.286038024350999 2.1769273921381682 2.2661077268421641 2.7131525934673846 3.2430629453156143 2.2327842866070569 1.7400407890090708 1.9402080718427894 1.981643389444798 1.795155687723309 1.9859260590746997
leaf_count=23 38 37 37 37 17 11 23 30 23 27 15 27 27 34 38 30 26 19 28 35 22 37 23 27 20 23
internal_value=6.91837e-05 0.0119338 0.0458377 -0.003943 -0.0215595 -0.0572331 -0.00329189 -0.0339069 -0.000195234 0.00222798 -0.00174995 0.0218901 -0.00545332 -0.00161198 -0.00527702 0.00727527 -0.0258392 -0.00576551 -0.0444565 0.00692579 0.023349 0.00591029 0.000411581 -0.0118651 -0.0267464 -0.0499217
internal_weight=58.135 14.6911 2.21634 43.4439 7.62103 2.58092 5.04011 2.6671 35.8229 33.3306 31.1308 4.21631 26.9145 24.6 22.3811 13.8974 8.48372 11.028 6.3068 8.76189 5.51882 12.4748 10.7347 7.70293 5.72129 3.78108
internal_count=734 242 74 492 118 48 70 47 374 351 324 42 282 255 232 144 88 106 62 87 52 168 131 93 66 43
is_linear=0
shrinkage=0.1


Tree=75
num_leaves=30
num_cat=0
split_feature=3 7 13 0 17 2 10 3 0 0 2 0 0 10 3 3 9 15 2 5 9 2 9 9 7 9 14 2 2
split_gain=0.288766 0.254976 0.705341 0.624525 0.690838 0.939192 0.838537 0.756737 0.506932 0.431906 0.422969 0.781075 0.324056 0.343074 1.10208 0.859868 0.833154 1.13467 1.05612 0.979024 0.650645 1.41187 0.64351 0.519346 0.439216 0.394509 0.368632 0.359968 0.349588
threshold=160.50000000000003 0.45000000000000007 1.0000000180025095e-35 43.500000000000007 1.0000000180025095e-35 130.50000000000003 1.0000000180025095e-35 247.50000000000003 69.500000000000014 64.500000000000014 137.50000000000003 55.500000000000007 41.500000000000007 1.0000000180025095e-35 203.50000000000003 215.50000000000003 61.850000000000001 1.0000000180025095e-35 138.50000000000003 161.50000000000003 67.600000000000009 149.50000000000003 74.450000000000017 74.450000000000017 0.95000000000000007 77.850000000000009 1.0000000180025095e-35 152.50000000000003 143.50000000000003
decision_type=2 2 2 2 2 2 2 2 2 2 2 2 2 2 2 2 2 2 2 2 2 2 2 2 2 2 2 2 2
left_child=-1 2 3 -2 6 -6 10 -7 9 12 -5 -12 -3 15 -15 24 -17 19 -19 26 -16 23 -23 -22 -14 -21 -18 -20 -25
right_child=1 8 -4 4 5 7 -8 -9 -10 -11 11 -13 13 14 20 16 17 18 27 25 21 22 -24 28 -26 -27 -28 -29 -30
leaf_value=-0.043383825835270819 -0.047328449673168821 0.035756883126141469 -0.061018446529672678 0.045701408971328267 0.058552018343249593 -0.00036756276124660383 0.067777542167343691 -0.10651320547721688 -0.040763141839695885 0.045933059953645008 0.026574438671040986 -0.083584728288913529 -0.07977041112444036 0.091232888804997872 0.044000467493267664 -0.054891799237029484 0.044338736442038666 0.037867804201862469 -0.019577743778540005 0.038983340968582719 -0.09496762062493784 -0.017261604015492014 0.083201644983419365 0.012577007129140708 -0.017007864868727303 -0.022902039996521545 0.11493449738478992 -0.076388094230197323 -0.054407161513448779
leaf_weight=1.4906235700473178 2.352828887756913 3.1382827828638247 2.2885839287191621 1.2218355250079169 0.97924836818128858 1.2857643143506723 3.0248087015934289 1.4062094176188109 2.2546792371431357 2.7875830060802391 1.3559786735568198 1.2252504974603651 1.9595407703891421 1.6611709017306555 2.8385049020871502 2.0245129738468703 1.2861774618504551 2.479165063239634 2.6924652280285954 2.2075263001024723 1.4766991175711153 1.0297001125290992 1.6743352396879343 1.4662192445248368 2.5871068486012518 1.9313160998281089 1.7407596309203655 1.904116870369762 1.6626495714299379
leaf_count=19 28 34 32 20 14 27 28 24 27 39 17 27 17 21 29 22 20 28 35 21 17 13 35 23 28 22 31 18 18
internal_value=5.5066e-05 0.00121251 -0.00987029 -0.000762174 0.00967325 -0.0253091 0.0284826 -0.055815 0.00532499 0.0080207 -0.00277099 -0.0257156 0.00506536 0.00211279 0.015727 -0.00561201 0.00513423 0.0136673 -0.0147382 0.0417158 0.0033672 -0.0124117 0.0449451 -0.0460873 -0.0440576 0.0101056 0.0849376 -0.0431112 -0.0230177
internal_weight=57.4336 55.943 15.1405 12.8519 10.4991 3.67122 6.82787 2.69197 40.8025 38.5478 3.80306 2.58123 35.7602 32.622 11.8093 20.8127 16.266 14.2415 7.07575 7.16578 10.1481 7.3096 2.70404 4.60557 4.54665 4.13884 3.02694 4.59658 3.12887
internal_count=734 715 217 185 157 65 92 51 498 471 64 44 432 398 156 242 197 175 81 94 135 106 48 58 45 43 51 53 41
is_linear=0
shrinkage=0.1


Tree=76
num_leaves=31
num_cat=0
split_feature=7 0 2 5 5 5 5 9 5 2 0 5 9 15 3 20 8 7 2 17 3 9 8 2 0 9 19 9 3 5
split_gain=0.258233 1.09379 0.294908 0.271183 0.493365 0.841647 0.518049 0.472925 0.700552 0.286946 0.657923 0.614315 0.53879 0.570602 0.472413 0.676894 0.538631 0.359462 0.686279 0.392518 0.775312 0.488838 0.556856 0.480169 0.322734 0.318984 0.242205 0.229457 0.00818042 0.000178091
threshold=0.15000000000000005 61.500000000000007 150.50000000000003 180.50000000000003 192.50000000000003 188.50000000000003 183.50000000000003 81.250000000000014 199.50000000000003 136.50000000000003 55.500000000000007 141.50000000000003 77.350000000000009 1.0000000180025095e-35 238.50000000000003 1.0000000180025095e-35 1.0000000180025095e-35 0.45000000000000007 150.50000000000003 1.0000000180025095e-35 259.50000000000006 67.250000000000014 1.0000000180025095e-35 150.50000000000003 51.500000000000007 66.950000000000003 1.0000000180025095e-35 75.850000000000009 270.50000000000006 157.50000000000003
decision_type=2 2 2 2 2 2 2 2 2 2 2 2 2 2 2 2 2 2 2 2 2 2 2 2 2 2 2 2 2 2
left_child=1 2 28 9 5 6 -5 8 -6 12 11 -11 13 -2 15 -13 24 18 -12 21 -21 -19 23 -23 -16 -15 -14 -18 29 -1
right_child=3 -3 -4 4 7 -7 -8 -9 -10 10 17 14 26 25 16 -17 27 19 -20 20 -22 22 -24 -25 -26 -27 -28 -29 -30 -31
leaf_value=-0.105946942230831 -0.051657203076137408 0.094115797548755042 -0.0086077755735033123 -0.045221307699883133 0.067171442704620554 -0.093714761214425846 0.030350251403631952 -0.033217472952425463 -0.016404198152855941 -0.021828739252908465 0.012968449061641872 0.022436407098861504 0.043918254734937184 -0.027418522131483332 0.017979543493276864 0.10701381804609444 0.019183235466132417 0.036419456760044364 -0.070470228586146946 0.10370667886653631 0.0021361870851406696 -0.06293638373058788 0.029186732879114958 -0.0030348853129518443 0.068717118563993207 0.028546993027734075 -0.0026273904356535383 -0.03556679737468417 -0.1227502623540192 -0.10244921412002478
leaf_weight=0.27153458120301255 3.7947373436763865 0.47382368310354639 0.38916764699388295 1.8307463787496074 2.0761929480358958 1.6614140691235659 1.7979392106644807 1.9506840612739322 1.9402249974664298 2.2685988936573294 1.9243264850229054 1.9196309740655115 2.1486130803823471 1.9249344104900954 2.6977761685848218 1.8661777880042791 1.3706439160741868 2.0972065415699017 2.0210374612361193 1.0797533383592957 2.4722128296270967 2.8367778975516558 1.8306492159608749 2.5331586599349976 2.3420340460725129 2.1625677584670484 2.3306074081920087 1.7337266837712375 0.39117145328782499 0.31379318598192185
leaf_count=12 36 14 18 20 21 25 25 26 22 32 19 19 27 17 24 24 19 27 23 18 38 29 31 33 25 23 26 25 8 28
internal_value=5.49852e-05 -0.0367972 -0.082218 0.00129627 -0.0125327 -0.0347668 -0.00777715 0.00717874 0.0267983 0.00488698 0.0100248 0.0258708 -0.00799498 -0.023733 0.0349413 0.064128 0.0213739 -0.00337141 -0.0297735 0.00473504 0.0330123 -0.00606753 -0.0184421 -0.0346791 0.0415576 0.00219106 0.0196998 -0.0113935 -0.111554 -0.104072
internal_weight=56.4519 1.83949 1.36567 54.6124 11.2572 5.2901 3.62869 5.9671 4.01642 43.3552 30.9937 14.1986 12.3615 7.88224 11.93 3.78581 8.14418 16.7951 3.94536 12.8498 3.55197 9.29779 7.20059 5.36994 5.03981 4.0875 4.47922 3.10437 0.976499 0.585328
internal_count=734 80 66 654 139 70 45 69 43 515 386 168 129 76 136 43 93 218 42 176 56 120 93 62 49 40 53 44 48 40
is_linear=0
shrinkage=0.1


Tree=77
num_leaves=27
num_cat=0
split_feature=6 11 15 9 9 0 9 1 9 0 0 3 0 2 20 9 7 0 0 5 8 3 1 9 5 7
split_gain=0.250664 0.28075 0.473106 0.261282 0.383853 0.466673 0.688396 1.07878 0.685024 0.558566 0.535812 0.584258 0.696053 0.477598 0.985891 0.374961 0.586902 0.778714 0.451311 0.267379 0.201964 0.308712 0.413234 0.405075 0.155801 0.130993
threshold=1.0000000180025095e-35 1.0000000180025095e-35 1.0000000180025095e-35 49.150000000000006 56.150000000000006 52.500000000000007 66.15000000000002 1.0000000180025095e-35 60.400000000000006 62.500000000000007 58.500000000000007 278.50000000000006 60.500000000000007 154.50000000000003 1.0000000180025095e-35 82.450000000000017 0.55000000000000016 46.500000000000007 47.500000000000007 158.50000000000003 1.5000000000000002 228.50000000000003 1.0000000180025095e-35 83.550000000000011 159.50000000000003 0.65000000000000002
decision_type=2 2 2 2 2 2 2 2 2 2 2 2 2 2 2 2 2 2 2 2 2 2 2 2 2 2
left_child=3 20 -3 -1 -5 8 19 9 -6 -8 13 12 -12 14 -9 16 17 -10 -18 -7 21 -2 -23 -24 -17 -14
right_child=1 2 -4 4 5 6 7 10 15 -11 11 -13 25 -15 -16 24 18 -19 -20 -21 -22 22 23 -25 -26 -27
leaf_value=0.042613052038809274 0.028291001977484777 0.010485897673871598 0.1106931528131951 -0.044628730132455045 0.083241203577200773 -0.025382989937303799 0.065777582953654934 0.035584823965791747 -0.091107500820219206 -0.005416242988647125 0.032336345527968748 0.043679295308897699 -0.022679733989059279 -0.081895589478831576 -0.05971466737942447 0.058188490640724601 -0.009475705179927461 0.0051562173302788956 0.039631880408364725 -0.07951704905515862 0.038153710027157894 0.030401659567821163 -0.04638995449197085 0.008756232466119257 0.013966082818021062 -0.05914818910181472
leaf_weight=1.1769360098987807 2.878724951297043 1.3429856090806418 0.72576674877200265 2.3254224476404479 1.1980733927339304 1.8785686921328335 2.8024983112700292 1.8028645485173918 1.5490667871199533 1.8162052957341073 1.9229997526854257 2.1772717405110598 1.9548053857870402 1.8672152939252553 2.7283381826709956 1.4979819655418389 4.47086789784953 1.8367144790245218 3.2188116498291492 1.7740319520235059 1.6549222571775306 1.8642672833520917 3.287146027199924 2.2394636939279735 1.7017294978722928 1.9852168317884205
leaf_count=13 38 37 37 26 9 23 36 29 24 19 19 33 24 25 27 14 39 32 30 24 37 27 34 32 27 19
internal_value=5.33937e-05 0.0116341 0.0456409 -0.00383408 -0.00518355 -0.00278127 -0.0119067 -0.00428449 0.010612 0.0377822 -0.0177409 -0.000556194 -0.0169833 -0.0393353 -0.0217971 0.00451649 -0.00419469 -0.0388865 0.0110802 -0.0516754 0.00573431 0.000510004 -0.0103106 -0.0240439 0.0346693 -0.0410547
internal_weight=55.6789 13.9933 2.06875 41.6856 40.5087 38.1833 22.71 19.0574 15.4732 4.6187 14.4387 8.04029 5.86302 6.39842 4.5312 14.2752 11.0755 3.38578 7.68968 3.6526 11.9245 10.2696 7.39088 5.52661 3.19971 3.94002
internal_count=734 242 74 492 479 453 278 231 175 55 176 95 62 81 56 166 125 56 69 47 168 131 93 66 41 43
is_linear=0
shrinkage=0.1


Tree=78
num_leaves=29
num_cat=0
split_feature=3 9 8 9 9 9 3 3 5 3 0 3 9 9 3 3 3 1 7 9 9 10 7 9 9 2 2 2
split_gain=0.253962 0.250804 1.08758 0.511568 0.351395 0.402619 0.293585 0.370748 0.402125 1.14008 0.841886 0.638155 0.835985 0.438531 0.549143 0.627724 0.766562 0.996178 0.819377 0.711532 0.758905 0.616183 0.597563 0.57463 1.15274 0.306332 0.180624 0.00503791
threshold=162.50000000000003 96.15000000000002 1.0000000180025095e-35 93.65000000000002 90.65000000000002 88.950000000000017 181.50000000000003 196.50000000000003 146.50000000000003 265.50000000000006 66.500000000000014 244.50000000000003 72.800000000000026 85.000000000000014 314.50000000000006 212.50000000000003 228.50000000000003 1.0000000180025095e-35 1.4500000000000002 74.15000000000002 62.850000000000009 1.0000000180025095e-35 0.65000000000000002 70.550000000000011 79.050000000000011 144.50000000000003 140.50000000000003 142.50000000000003
decision_type=2 2 2 2 2 2 2 2 2 2 2 2 2 2 2 2 2 2 2 2 2 2 2 2 2 2 2 2
left_child=-1 3 -3 4 5 6 -2 -8 9 11 27 12 -9 14 15 -10 -17 19 21 20 26 23 -23 -19 -25 -22 -18 -11
right_child=1 2 -4 -5 -6 -7 7 8 13 10 -12 -13 -14 -15 -16 16 17 18 -20 -21 25 22 -24 24 -26 -27 -28 -29
leaf_value=-0.038949117157094065 0.041447555354327016 0.087172993060942894 -0.03404944486840434 -0.056347747488501181 0.045499362152268422 -0.047345412180151987 -0.038496773648898919 -0.030893560481383687 -0.054364892465021679 0.11570929885655593 -0.00043761548723652839 -0.05169662031196403 0.065642273038255552 0.035122839737850638 -0.049925795684534584 0.050920526500442632 0.021326421426447351 -0.056966148066761382 0.040328173709090205 -0.030079919470039098 0.037873578911102851 -0.10532972302450881 -0.027298025627507619 0.048300240724477 -0.063993384497342862 0.093095538842755066 -0.020796100340555766 0.10549767160713489
leaf_weight=1.6209595405962307 1.7735959412530053 1.5551506145857268 1.4121738760732112 1.5848559397272755 1.7409776637796301 1.7478654426522542 2.3725205366499713 1.7186476916540399 2.1267370327841553 0.91213748371228609 1.0627413783222435 1.9378736745566127 1.876526517793536 2.7751750831957898 2.6459884967189273 2.8630565386265543 2.2121318280696851 2.1276997898239625 1.6869983171345673 2.3589587695896634 2.2099714432843029 1.9417652883566918 1.9842553902417419 2.5155464273411785 1.4360094387084243 1.8416789611801503 1.885838948190212 1.0271933698095379
leaf_count=23 27 25 18 19 28 20 27 23 29 18 15 23 28 38 28 39 20 32 23 24 25 26 21 36 21 26 21 31
internal_value=4.47822e-05 0.00122991 0.0294822 -0.000434561 0.00138198 -0.000250798 0.00156659 -5.87223e-05 0.0021576 0.0214815 0.071099 -0.00543953 0.019494 -0.00289981 -0.00643639 -0.00220433 0.00222163 -0.00405866 -0.0241406 0.0182854 0.032285 -0.0350108 -0.0658916 -0.0150677 0.00749234 0.0629747 0.00194212 0.110301
internal_weight=54.955 53.3341 2.96732 50.3667 48.7819 47.0409 45.293 43.5195 41.1469 8.53512 3.00207 5.53305 3.59517 32.6118 29.8366 27.1906 25.0639 22.2009 11.6923 10.5086 8.14962 10.0053 3.92602 6.07926 3.95156 4.05165 4.09797 1.93933
internal_count=734 711 43 668 649 621 601 574 547 138 64 74 51 409 371 343 314 275 159 116 92 136 47 89 57 51 41 49
is_linear=0
shrinkage=0.1


Tree=79
num_leaves=30
num_cat=0
split_feature=7 0 5 5 5 3 18 15 7 3 3 3 9 7 0 5 9 2 0 0 9 5 5 18 5 20 17 3 6
split_gain=0.244018 0.851044 0.285025 0.226714 0.413807 0.787101 0.371728 0.594673 0.279136 0.264008 0.582738 0.429968 0.710134 0.6327 0.694088 0.695198 0.619798 0.405682 0.812665 0.525356 1.04634 0.392449 1.40088 0.724336 0.672373 0.217109 0.101775 0.0724164 0.00551325
threshold=0.15000000000000005 61.500000000000007 183.50000000000003 180.50000000000003 192.50000000000003 257.50000000000006 1.0000000180025095e-35 1.0000000180025095e-35 2.2500000000000004 303.50000000000006 314.50000000000006 271.50000000000006 90.550000000000011 0.65000000000000002 58.500000000000007 165.50000000000003 86.450000000000017 147.50000000000003 58.500000000000007 55.500000000000007 77.750000000000014 154.50000000000003 160.50000000000003 1.0000000180025095e-35 172.50000000000003 1.0000000180025095e-35 1.0000000180025095e-35 322.50000000000006 1.0000000180025095e-35
decision_type=2 2 2 2 2 2 2 2 2 2 2 2 2 2 2 2 2 2 2 2 2 2 2 2 2 2 2 2 2
left_child=1 2 28 8 5 26 7 -6 9 11 -11 12 16 -13 15 -15 17 18 21 25 -21 23 -23 -2 -24 -19 -5 -12 -1
right_child=3 -3 -4 4 6 -7 -8 -9 -10 10 27 13 -14 14 -16 -17 -18 19 -20 20 -22 22 24 -25 -26 -27 -28 -29 -30
leaf_value=-0.10198730743134894 -0.061712226073742028 0.081219269104180369 -0.0041072135633924665 -0.049646565851340571 -0.058136535410519087 0.011965904351124905 0.035987201078673238 0.027822823567868166 -0.035028957102078331 0.078060632790147674 -0.014559134329584902 -0.052418875492601262 0.056785238730968059 0.083634270353401083 -0.037511101826771066 -0.016349960931569246 -0.04882049554247736 0.083743131209127381 0.045515766725255445 -0.056493111412847047 0.052296298110604149 0.070353723697981346 -0.054643392064793385 0.012584394749045161 0.022436130453736824 0.032036252018131928 -0.087602525941911688 0.016826105090065085 -0.11767590226884701
leaf_weight=0.48162223363760748 3.251508081331858 0.44833091786131252 0.36095174110960215 1.5111462897621077 1.6248605991713703 2.2336537907831371 2.4740270934998989 1.5946499300189316 1.7032005283981551 1.5795035702176381 1.31957446213346 3.0924248741939646 2.831743797287344 1.524135956540704 2.1502246498130262 1.2789742441382257 2.0444545270875087 1.6401386130601159 3.1135166259482494 1.6293516531586649 1.9329012241214512 2.1917759403586388 3.0445376648567617 2.2000955613330007 1.8012594804167745 1.6083571100607514 1.3266454646363854 1.6599826880265025 0.41875031962990761
leaf_count=39 32 14 22 19 23 28 26 20 20 27 14 32 39 28 30 14 21 19 33 31 25 21 33 23 20 22 23 31 5
internal_value=5.56339e-05 -0.0371219 -0.0791856 0.00126949 -0.0116652 -0.0324391 0.00683884 -0.0155602 0.00461684 0.00630942 0.0289569 0.00338739 0.00937699 -0.0169282 0.00522911 0.0380145 0.00388805 0.00869588 -0.000192775 0.0290588 0.00253672 -0.0115878 0.00401403 -0.0317284 -0.0259917 0.0581426 -0.0673907 0.00292633 -0.109284
internal_weight=54.0723 1.70966 1.26132 52.3626 10.765 5.07145 5.69354 3.21951 41.5977 39.8945 4.55906 35.3354 27.2896 8.04576 4.95333 2.80311 24.4579 22.4134 15.6027 6.81075 3.56225 12.4892 7.03757 5.4516 4.8458 3.2485 2.83779 2.97956 0.900373
internal_count=734 80 66 654 139 70 69 43 515 495 72 423 319 104 72 42 280 259 162 97 56 129 74 55 53 41 42 45 44
is_linear=0
shrinkage=0.1


Tree=80
num_leaves=31
num_cat=0
split_feature=6 5 2 0 8 0 5 9 9 9 5 3 0 3 7 9 2 2 19 21 2 20 9 3 17 5 2 7 3 0
split_gain=0.27654 0.266696 0.709787 0.596013 0.260722 0.541696 0.786824 0.290981 0.667263 0.486565 0.380517 0.286303 0.240474 0.59909 0.307644 0.768067 0.995892 0.752014 0.837721 0.60422 0.558708 0.466198 0.391201 0.303092 0.426207 0.324954 0.0426183 0.00447033 0.000173628 1.75363e-05
threshold=1.0000000180025095e-35 185.50000000000003 146.50000000000003 49.500000000000007 1.0000000180025095e-35 42.500000000000007 182.50000000000003 76.250000000000014 81.050000000000011 72.550000000000011 159.50000000000003 259.50000000000006 52.500000000000007 276.50000000000006 0.75000000000000011 72.800000000000026 158.50000000000003 133.50000000000003 1.0000000180025095e-35 1.0000000180025095e-35 150.50000000000003 1.0000000180025095e-35 83.65000000000002 258.50000000000006 1.0000000180025095e-35 154.50000000000003 135.50000000000003 0.55000000000000016 226.50000000000003 53.500000000000007
decision_type=2 2 2 2 2 2 2 2 2 2 2 2 2 2 2 2 2 2 2 2 2 2 2 2 2 2 2 2 2 2
left_child=1 12 3 -3 7 -6 26 9 -9 11 -10 -2 13 23 15 21 19 -16 20 22 -19 -14 -17 24 25 -1 -7 -28 -29 -30
right_child=4 2 -4 -5 5 6 -8 8 10 -11 -12 -13 14 -15 17 16 -18 18 -20 -21 -22 -23 -24 -25 -26 -27 27 28 29 -31
leaf_value=-0.00013088877616600233 0.038860066304427635 -0.021237935006603797 0.018281203492191967 -0.10952790354447238 -0.023085986335281382 0.071149410029506685 -0.021636070010557062 0.092157054609967634 -0.039715993641537273 -0.056795560430880944 0.027318914998903262 -0.018581561177134841 -0.01549101958137546 0.057491463226868378 -0.051296963983072354 0.0672741185816325 -0.068459865499782876 -0.029284180794148757 0.063471229924635636 -0.033206647508222407 0.036033666882636255 -0.10436745029942063 0.0051709827996694983 -0.033122973437187092 -0.018792562750105584 0.046677638848995069 0.11617495023582665 0.10565234486438749 0.10321972966794431 0.10215100774484878
leaf_weight=2.8121378733776492 1.6638597510755047 2.0333616365678604 2.2823694399558008 1.2253675134852526 1.1040812823921435 0.42665500007569823 0.79316242784261692 1.0523638203740118 1.3746290537528696 1.6679331352934239 2.205210744868964 1.8133937316015361 0.98442064085975478 2.1741838008165351 1.9551832936704148 2.0798635589890182 1.8493856010027228 3.4498262330889684 2.6917693689465523 1.7570226739626376 2.1108048418536782 1.4737884459318593 1.9798600766807792 2.1987033337354651 3.6653961376287043 3.1381352681200951 0.41147961653768994 0.27970368321985006 0.28738707001321018 0.32965115981642157
leaf_count=24 24 39 30 29 11 13 10 19 31 20 29 24 19 23 17 20 19 30 37 26 31 30 21 26 39 32 5 11 17 28
internal_value=5.10638e-05 -0.00412784 -0.0244847 -0.0544373 0.0124734 0.0353512 0.0608727 0.00397476 0.0221562 -0.0123939 0.00157806 0.00890416 -0.0008412 0.00925041 -0.00778432 -0.0201356 -0.00453876 0.00446625 0.0176778 0.0157844 -0.00448965 -0.0687758 0.0369874 0.000372672 0.00803173 0.0245556 0.0985946 0.107545 0.103586 0.102649
internal_weight=53.2711 39.8616 5.5411 3.25873 13.4095 3.63212 2.52804 9.77739 4.6322 5.14519 3.57984 3.47725 34.3205 13.9886 20.3319 10.1243 7.66613 10.2076 8.2524 5.81675 5.56063 2.45821 4.05972 11.8144 9.61567 5.95027 1.73488 1.30822 0.896742 0.617038
internal_count=734 492 98 68 242 95 84 147 79 68 60 48 394 144 250 135 86 115 98 67 61 49 41 121 95 56 74 61 56 45
is_linear=0
shrinkage=0.1


Tree=81
num_leaves=31
num_cat=0
split_feature=3 6 10 3 2 8 0 8 1 9 5 18 0 8 9 5 5 17 3 9 8 3 2 9 7 9 5 20 5 5
split_gain=0.251344 0.225403 0.370368 0.421796 0.575121 0.402768 0.507074 0.365472 0.532573 0.835762 0.588663 0.498011 0.407068 0.864502 0.349646 0.312751 0.309998 0.277832 0.727239 0.491117 0.608242 0.425156 0.488159 0.321791 0.318511 0.285214 0.252031 0.772358 0.130744 0.00397428
threshold=162.50000000000003 1.0000000180025095e-35 1.0000000180025095e-35 219.50000000000003 138.50000000000003 1.5000000000000002 60.500000000000007 1.0000000180025095e-35 1.0000000180025095e-35 70.65000000000002 164.50000000000003 1.0000000180025095e-35 54.500000000000007 1.5000000000000002 78.350000000000009 156.50000000000003 171.50000000000003 1.0000000180025095e-35 263.50000000000006 63.250000000000007 1.0000000180025095e-35 292.50000000000006 150.50000000000003 75.300000000000026 0.65000000000000002 75.850000000000009 153.50000000000003 1.0000000180025095e-35 165.50000000000003 181.50000000000003
decision_type=2 2 2 2 2 2 2 2 2 2 2 2 2 2 2 2 2 2 2 2 2 2 2 2 2 2 2 2 2 2
left_child=-1 2 7 28 -5 6 16 8 26 -10 11 -11 13 -9 -12 -14 -6 19 -19 -3 21 22 23 -21 -22 -20 -2 -28 -4 -26
right_child=1 17 3 4 5 -7 -8 12 9 10 14 -13 15 -15 -16 -17 -18 18 25 20 24 -23 -24 -25 29 -27 27 -29 -30 -31
leaf_value=-0.039870367796828891 0.050134546398740147 -0.069213911362720287 0.062472582318653359 -0.041456938046850841 0.080790728881058108 -0.025218080408481426 -0.0045054004665509304 -0.041256891647510598 -0.073377321589860114 0.05511489514650561 0.011399262074381827 -0.01230910238955019 -0.023941240964436838 0.043267236244999119 -0.065481196532006514 -0.082112594455656829 0.020384824020196368 0.082018311911749617 0.03333080912428199 -0.02535400886190689 0.014310891744751659 0.04428488738608221 -0.056794880121615515 0.038798832003581057 0.10211490875838754 -0.045112897716105674 0.055696118014470275 -0.025420337155284696 0.021301271210846622 0.11577701014326823
leaf_weight=1.5310886584920798 1.9925977345556027 0.8432502541691046 1.6363962688483291 2.4453863603994241 1.8003918221220359 2.0174001348204911 2.9177933665923774 3.0605589281767589 2.0250140293501318 2.2256876491010189 0.91626339033246074 2.157350311987102 1.9543466130271556 2.0013119210489094 1.6692731855437157 1.7534610070288179 1.6086816871538756 1.773955445736646 0.89026055950671412 1.5077028665691616 0.61395919322967507 1.5168724274262784 1.8570355493575332 1.6241580327041445 0.43607087794225663 0.9669253493193537 1.9917716439813373 2.8583287866786122 1.459040413610637 0.41609175503253937
leaf_count=23 24 15 22 30 23 23 33 29 29 24 15 23 26 22 30 30 18 37 20 16 10 22 23 28 36 23 24 32 19 5
internal_value=5.08143e-05 0.00125078 -0.00253192 0.0105263 0.00119083 0.0136893 0.0260954 -0.00990062 -0.000831359 -0.0168273 -0.000394311 0.0219285 -0.0262779 -0.00783859 -0.0382363 -0.0514511 0.0522862 0.012949 0.036228 0.00335994 0.0110367 -0.00207607 -0.0161721 0.00791514 0.0692231 -0.00751013 0.0201927 0.00789144 0.0430664 0.108786
internal_weight=52.4684 50.9373 38.4911 13.8851 10.7897 8.34427 6.32687 24.606 15.8363 8.99359 6.96857 4.38304 8.76968 5.06187 2.58554 3.70781 3.40907 12.4463 3.63114 8.81514 7.97189 6.50577 4.9889 3.13186 1.46612 1.85719 6.8427 4.8501 3.09544 0.852163
internal_count=734 711 476 168 127 97 74 308 201 121 92 47 107 51 45 56 41 235 80 155 140 89 67 44 51 43 80 56 41 41
is_linear=0
shrinkage=0.1


Tree=82
num_leaves=29
num_cat=0
split_feature=7 0 5 2 3 2 5 0 3 2 9 15 9 19 0 2 9 2 7 5 15 2 2 0 5 3 3 6
split_gain=0.247434 0.729792 0.249487 0.198388 0.64766 0.347322 0.350797 0.415059 0.59084 0.262694 0.5575 0.697665 0.46462 0.472153 0.635064 0.668853 0.776053 0.569162 0.525789 1.11677 0.459072 0.444836 0.481 0.377637 0.350612 0.254666 0.231672 0.00479878
threshold=0.15000000000000005 61.500000000000007 183.50000000000003 161.50000000000003 275.50000000000006 159.50000000000003 188.50000000000003 49.500000000000007 240.50000000000003 136.50000000000003 77.350000000000009 1.0000000180025095e-35 60.000000000000007 1.0000000180025095e-35 65.500000000000014 151.50000000000003 74.350000000000009 150.50000000000003 0.55000000000000016 160.50000000000003 1.0000000180025095e-35 143.50000000000003 140.50000000000003 45.500000000000007 162.50000000000003 230.50000000000003 237.50000000000003 1.0000000180025095e-35
decision_type=2 2 2 2 2 2 2 2 2 2 2 2 2 2 2 2 2 2 2 2 2 2 2 2 2 2 2 2
left_child=1 2 27 5 25 6 9 8 -8 10 11 -2 -11 14 15 18 -17 21 -14 -20 -19 22 -15 -13 -12 -5 -23 -1
right_child=3 -3 -4 4 -6 -7 7 -9 -10 12 24 23 13 17 -16 16 -18 20 19 -21 -22 26 -24 -25 -26 -27 -28 -29
leaf_value=-0.10179293209809002 -0.054400691509295808 0.072348019100850508 -0.0083965600149464616 0.021835290592350145 -0.02101577761863645 -0.04519181137712551 0.039470153919360706 -0.054610487573093017 -0.043619138713098721 0.053262117513077314 -0.0021197636375887524 -0.027461033161980647 0.024108578134153794 0.04952554147439673 -0.060596309886066194 -0.021374262237187847 0.090114652529093883 0.022554469854871889 0.016779339653653313 -0.073130943964771614 -0.046569154309452632 0.091845530771445458 -0.029937482899865687 0.031430905356378824 0.053984044920623059 0.086475697813179764 0.039714326897924701 -0.11700832419681831
leaf_weight=0.43138209870085009 3.7773655699565989 0.4343160563148557 0.34953994385432452 1.1553021753206842 1.9787119558313859 1.6866804542951275 1.8072167711798095 2.3230907039251179 1.6256440058350561 2.2991039855405715 2.7567380000837138 2.0224119331687689 2.7747847698628885 1.6339577422477307 1.8684763186611242 1.0252011637203389 1.5968095278367398 2.1565973814576864 2.6991832212079316 2.8298121478874236 1.7327445549890401 1.6543436041101816 1.4270449108444152 2.3587576802819967 1.8691354952752588 1.2900582319125531 1.7587215439416466 0.3990126121789217
leaf_count=39 39 14 22 22 28 21 24 39 20 27 34 20 27 24 22 18 30 31 39 34 18 22 17 27 26 20 25 5
internal_value=5.77059e-05 -0.0384776 -0.0792708 0.00129914 0.0215188 -0.000658958 0.00104826 -0.0219674 0.00012291 0.00451251 -0.00718305 -0.0229074 0.010386 0.00612926 -0.00672176 0.00249161 0.0465227 0.0219946 -0.0114117 -0.0292379 -0.00824086 0.0401588 0.0124797 0.00424553 0.0205496 0.0559366 0.0649828 -0.109104
internal_weight=51.7221 1.61425 1.17993 50.1079 4.42407 45.6838 43.9971 5.75595 3.43286 38.2412 12.7844 8.15854 25.4568 23.1577 12.7943 10.9258 2.62201 10.3634 8.30378 5.529 3.88934 6.47407 3.061 4.38117 4.62587 2.44536 3.41307 0.830395
internal_count=734 80 66 654 70 584 563 83 44 480 146 86 334 307 170 148 48 137 100 73 49 88 41 47 60 42 47 44
is_linear=0
shrinkage=0.1


Tree=83
num_leaves=31
num_cat=0
split_feature=7 0 9 9 9 9 5 5 3 2 5 0 9 9 2 5 0 7 2 2 15 9 6 3 18 18 5 19 15 6
split_gain=0.213303 0.626606 0.272124 0.913939 0.314279 0.325963 0.314171 0.457403 0.751908 0.429332 0.503579 0.401168 0.558558 0.576462 0.815899 0.60608 0.510475 0.456561 0.822625 0.436697 0.942361 0.740323 0.579742 0.332321 0.291613 0.281623 0.26065 0.198521 0.0762292 0.0036427
threshold=0.15000000000000005 61.500000000000007 45.850000000000009 49.150000000000006 56.150000000000006 60.400000000000006 128.50000000000003 140.50000000000003 246.50000000000003 156.50000000000003 164.50000000000003 53.500000000000007 70.250000000000014 81.050000000000011 146.50000000000003 165.50000000000003 59.500000000000007 1.7500000000000002 125.50000000000001 137.50000000000003 1.0000000180025095e-35 65.950000000000017 1.0000000180025095e-35 259.50000000000006 1.0000000180025095e-35 1.0000000180025095e-35 187.50000000000003 1.0000000180025095e-35 1.0000000180025095e-35 1.0000000180025095e-35
decision_type=2 2 2 2 2 2 2 2 2 2 2 2 2 2 2 2 2 2 2 2 2 2 2 2 2 2 2 2 2 2
left_child=1 26 -2 -4 -5 -6 -7 8 -8 11 25 17 16 15 -15 23 -13 18 -9 20 -20 -21 24 -14 -23 -11 29 -12 -10 -1
right_child=2 -3 3 4 5 6 7 9 28 10 27 12 13 14 -16 -17 -18 -19 19 21 -22 22 -24 -25 -26 -27 -28 -29 -30 -31
leaf_value=-0.10160062164857042 -0.058989970458750901 0.06566419632598125 0.12057860646664553 -0.034235757482284711 0.04190005180064469 -0.033487984908693383 -0.0045745604555210047 -0.04514442333014812 0.10920725863454855 0.093858676293068724 0.022735291757367396 -0.019784051646301135 0.069422440444240827 -0.067369532775722593 0.0067359557849819189 -0.025511066398961269 -0.098961945327297171 0.053737427692963337 -0.00952654069858694 0.054366139454211974 0.088330912219916735 -0.067481462121079513 0.034577451368671679 0.0093838815527750065 -0.015384526911936479 0.025731690080086633 -0.0018122204401511942 -0.027444095861656415 0.065648362963849669 -0.11531557481939581
leaf_weight=0.41117870120797195 0.7399550979025652 0.43086625984869886 0.64262483036145468 2.4670380633324376 1.9985120163764793 2.5460273122880599 1.9662219039164477 3.1762275346554878 0.81122372054960556 1.1953149493783704 1.6466348264366388 1.9512473675422364 1.9058049088343962 2.8377112296875566 3.1183783602900803 2.2449777498841286 1.39741432107985 1.7685354005079705 1.9692832012660784 1.8182127741165457 1.967029940802604 1.8257334847003219 1.5291473481338469 1.7858120910823343 2.6110186949372292 1.2323634860804304 0.32847671443596482 1.5127069731242955 0.79596530157141387 0.36606969870626926
leaf_count=41 9 14 6 25 25 32 29 36 26 19 26 29 22 35 38 30 20 25 23 18 29 23 28 22 27 22 20 16 14 5
internal_value=5.78228e-05 -0.0366346 0.00119773 0.00211184 0.000528391 0.00240872 0.000599075 0.00271237 0.0368977 -0.000545746 0.0250265 -0.00502359 -0.0167487 -0.00659047 -0.0285708 0.015462 -0.0528254 0.00569975 -3.29557e-06 0.0122299 0.0393742 -0.00149654 -0.0185217 0.0403789 -0.0368225 0.0592753 -0.0764972 -0.00129082 0.0876346 -0.10806
internal_weight=50.9977 1.53659 49.4611 48.7212 48.0785 45.6115 43.613 41.067 3.57341 37.4936 5.58702 31.9065 15.2413 11.8927 5.95609 5.93659 3.34866 16.6652 14.8967 11.7204 3.93631 7.78411 5.9659 3.69162 4.43675 2.42768 1.10573 3.15934 1.60719 0.777248
internal_count=734 80 654 645 639 614 589 557 69 488 83 405 196 147 73 74 49 209 184 148 52 96 78 44 50 41 66 42 40 46
is_linear=0
shrinkage=0.1


Tree=84
num_leaves=30
num_cat=0
split_feature=6 3 8 3 0 2 3 10 7 7 5 5 5 7 7 7 5 2 3 1 2 9 9 5 5 3 9 20 20
split_gain=0.204395 0.261655 0.554851 0.514856 0.337279 0.331287 0.492181 0.249329 0.34267 0.330988 0.619815 0.728621 0.722279 0.615936 0.596643 0.523188 1.02579 0.848578 0.513758 0.455241 0.303703 0.288511 0.890351 0.406312 0.219126 0.217102 0.214254 0.103839 0.000327937
threshold=1.0000000180025095e-35 207.50000000000003 1.5000000000000002 228.50000000000003 52.500000000000007 153.50000000000003 274.50000000000006 1.0000000180025095e-35 2.0500000000000003 1.6500000000000001 179.50000000000003 171.50000000000003 165.50000000000003 0.95000000000000007 0.75000000000000011 0.95000000000000007 147.50000000000003 148.50000000000003 253.50000000000003 1.0000000180025095e-35 156.50000000000003 63.850000000000001 75.15000000000002 172.50000000000003 157.50000000000003 251.50000000000003 75.15000000000002 1.0000000180025095e-35 1.0000000180025095e-35
decision_type=2 2 2 2 2 2 2 2 2 2 2 2 2 2 2 2 2 2 2 2 2 2 2 2 2 2 2 2 2
left_child=7 -2 3 -3 26 6 -6 8 9 10 11 12 15 14 19 16 25 18 -18 -12 21 -9 24 -24 -23 -1 -5 -4 -21
right_child=1 2 27 4 5 -7 -8 20 -10 -11 13 -13 -14 -15 -16 -17 17 -19 -20 28 -22 22 23 -25 -26 -27 -28 -29 -30
leaf_value=-0.083649862711966713 -0.015660072097933454 0.079439938132354726 0.11215871477932181 0.0068284529754457967 0.040398870564987241 0.052534171765139054 -0.037821047529243194 0.031392857073769216 -0.054671094891221766 0.035526992282249141 -0.00079381558327904682 0.048271150195572647 -0.066736861176546647 -0.1136042990327143 0.053367570701878114 0.035172853859687395 -0.055500263237797089 0.055809040640226792 0.017677939131914105 -0.10787535591495584 0.044627688751341849 -0.018727675740475385 0.036610543506870999 -0.016480698888969528 -0.071402381985932156 -0.033719618092776987 -0.05123716846384227 0.052619745727949509 -0.10393483599844809
leaf_weight=1.5943473423831291 2.8227662399876854 0.95026517519727161 0.60673370666336157 1.0727996414061638 1.4843462705612185 1.6982274693436918 1.756191468099132 2.4986606184393159 1.5866060415282834 1.7231988385319699 0.8049135231412945 2.4388259518891564 1.9919626836199302 1.0303317196667192 0.74181047081947316 2.9214379694312802 1.9098366671241822 2.5358410316985101 1.9278092964086679 0.41804296988993883 1.8681938559748221 1.3652825700119122 3.673469022847712 2.3724726596847177 1.8734597705770282 1.9189921817742286 1.5588130974210797 0.56636414607055485 0.42682770977262408
leaf_count=21 38 21 21 19 25 33 29 23 16 14 21 30 26 12 6 37 23 31 21 18 33 18 38 30 31 21 30 26 22
internal_value=6.40145e-05 0.0111335 0.0189357 0.0100585 0.00134951 0.0167572 -0.00199198 -0.00361869 -0.00976214 -0.00657897 -0.0100908 -0.00237401 -0.0107195 -0.0489663 -0.0211194 -0.00200755 -0.0129939 0.0109212 -0.0187398 -0.0546118 0.00716864 0.00122968 -0.00688773 0.0157771 -0.0491975 -0.0563779 -0.0275662 0.0834137 -0.105885
internal_weight=50.1388 12.5165 9.69374 8.52064 7.57038 4.93877 3.24054 37.6223 23.9708 22.3842 20.661 17.2391 14.8002 3.42193 2.39159 12.8083 9.88683 6.37349 3.83765 1.64978 13.6515 11.7833 9.28468 6.04594 3.23874 3.51334 2.63161 1.1731 0.844871
internal_count=734 242 204 157 136 87 54 492 319 303 289 210 180 79 67 154 117 75 44 61 173 140 117 68 49 42 49 47 40
is_linear=0
shrinkage=0.1


Tree=85
num_leaves=29
num_cat=0
split_feature=3 2 9 17 3 2 2 9 7 5 5 2 3 3 0 2 20 0 5 10 0 15 5 21 9 3 3 3
split_gain=0.205491 0.183331 0.666316 0.48532 0.527431 0.408262 0.549062 0.38859 0.241106 1.09646 0.329441 0.618839 0.535265 0.612495 0.744367 0.462312 0.460317 0.45207 0.36617 0.413182 0.763345 0.422094 1.15734 0.503157 0.351559 0.32932 0.154507 0.122154
threshold=162.50000000000003 130.50000000000003 82.750000000000014 1.0000000180025095e-35 240.50000000000003 136.50000000000003 134.50000000000003 69.450000000000017 0.25000000000000006 163.50000000000003 163.50000000000003 141.50000000000003 239.50000000000003 248.50000000000003 64.500000000000014 147.50000000000003 1.0000000180025095e-35 55.500000000000007 159.50000000000003 1.0000000180025095e-35 60.500000000000007 1.0000000180025095e-35 146.50000000000003 1.0000000180025095e-35 81.050000000000011 275.50000000000006 254.50000000000003 212.50000000000003
decision_type=2 2 2 2 2 2 2 2 2 2 2 2 2 2 2 2 2 2 2 2 2 2 2 2 2 2 2 2
left_child=-1 2 3 4 -2 6 7 -3 9 -7 11 -10 16 -14 15 17 -12 -15 19 21 27 22 -13 -23 -18 -17 -11 -21
right_child=1 5 -4 -5 -6 8 -8 -9 10 26 12 18 13 14 -16 25 24 -19 -20 20 -22 23 -24 -25 -26 -27 -28 -29
leaf_value=-0.0373453360025248 -0.056828306129992706 -0.049346760682341936 0.073902168164914711 0.034309452946707224 0.013054129441569277 -0.10981703126437561 -0.076988141654716513 0.0162154388748759 0.061509872922674728 0.052429017044270901 -0.072860362082779129 0.07385508741479585 0.06064610616440063 -0.0074111172859082841 0.059743983489790098 0.039408243699969883 0.021937218124958552 -0.080871040466737765 0.047344620812762736 0.047897609634710958 -0.012932216858227014 -0.064339036584937295 -0.035397957357647114 0.0060122635881725665 -0.046229768336721273 -0.020075302102807696 -0.0074916247838124009 0.1068139598509717
leaf_weight=1.4274447647621844 2.0174316787160915 1.4019162789918476 1.5431346094701437 2.7438216493465006 2.3243171900976449 0.99404581403359715 1.5697254899423567 2.5455447424901649 2.4226062211673733 0.84988341759890296 1.8145778651814897 1.6862600354361332 1.778140794020145 1.6642418026458456 1.5187149862758813 1.6920738387852909 1.6538874022662642 1.6868370510637758 1.8913302647415537 0.58398961741477184 1.8683778565609825 2.4005405849311501 2.2814453535247594 1.76342814322561 1.3944719354622064 2.0685407752171159 0.8716844473965466 0.88554891757667065
leaf_count=23 21 17 30 37 32 31 18 38 35 24 22 38 20 27 16 22 27 18 24 13 27 26 29 23 19 25 19 33
internal_value=4.35791e-05 0.0011574 0.0143561 0.00138785 -0.0194174 -0.0017414 -0.0269618 -0.00706857 0.00237891 -0.0261948 0.00487754 0.0150088 -0.00559336 0.00720334 -0.00380758 -0.0173791 -0.0329832 -0.0443887 0.00657715 -0.000145382 0.029479 -0.0123057 0.0110342 -0.0345455 -0.00924577 0.00668909 0.0220893 0.0834008
internal_weight=49.344 47.9165 8.62871 7.08557 4.34175 39.2878 5.51719 3.94746 33.7706 2.71561 31.055 15.7835 15.2715 10.4085 8.63041 7.11169 4.86294 3.35108 13.3609 11.4696 3.33792 8.13167 3.96771 4.16397 3.04836 3.76061 1.72157 1.46954
internal_count=734 711 120 90 53 591 73 55 518 74 444 248 196 128 108 92 68 45 213 189 73 116 67 49 46 47 43 46
is_linear=0
shrinkage=0.1


Tree=86
num_leaves=28
num_cat=0
split_feature=6 11 15 10 7 11 0 2 2 2 20 9 9 2 0 7 7 9 2 3 1 3 9 2 0 7 0
split_gain=0.198509 0.253438 0.367844 0.206768 0.283759 0.293679 0.451864 0.376278 0.347662 0.322163 0.307589 0.750795 0.553316 0.254048 0.267124 0.411948 0.561246 0.390684 0.222175 0.180403 0.457444 0.274831 0.668408 0.295956 0.202357 0.153011 0.138805
threshold=1.0000000180025095e-35 1.0000000180025095e-35 1.0000000180025095e-35 1.0000000180025095e-35 2.0500000000000003 1.0000000180025095e-35 52.500000000000007 124.50000000000001 147.50000000000003 159.50000000000003 1.0000000180025095e-35 72.65000000000002 72.550000000000011 156.50000000000003 62.500000000000007 1.2500000000000002 0.75000000000000011 81.550000000000011 151.50000000000003 207.50000000000003 1.0000000180025095e-35 247.50000000000003 76.550000000000011 143.50000000000003 53.500000000000007 0.8500000000000002 61.500000000000007
decision_type=2 2 2 2 2 2 2 2 2 2 2 2 2 2 2 2 2 2 2 2 2 2 2 2 2 2 2
left_child=3 19 -3 4 5 7 -7 -1 10 18 12 -12 -9 14 15 16 17 -5 -10 -2 24 -22 -23 -24 -21 -20 -8
right_child=1 2 -4 13 -6 6 26 8 9 -11 11 -13 -14 -15 -16 -17 -18 -19 25 20 21 22 23 -25 -26 -27 -28
leaf_value=0.030985193333980716 -0.021204829954419427 0.01317315165693605 0.10884222135005445 -0.020612933180096018 -0.050831165347597178 0.047931947994154747 -0.030852432430559348 -0.094727012115346954 -0.011858015053592054 -0.031303981755867814 0.031866576330878783 -0.05852244972010933 -0.011037729472308194 0.041251408556734669 -0.033087635082540895 -0.023271777271027114 0.06490235175387378 0.040139743793108355 0.0085637380890682714 0.018104811146884357 0.027870661318509446 -0.074350093962746375 -0.0240888177638394 0.043095850590962069 0.078627456674971702 0.056433088793651213 0.01083982825801358
leaf_weight=1.7259595789946711 2.0775392679497573 1.1733571148943163 0.6112800920382141 2.8504308881238085 1.5388842886313785 2.257418008754029 1.636659413110465 1.7707198751158997 2.2006880203261971 2.710646478459239 1.7727384422905745 1.9080168973887337 1.4264066934119908 1.798711226787417 1.9311662269756187 2.9646427426487207 2.0592425568029284 1.6837833775207398 1.4236381666269156 1.0308754532597943 1.9803298148326574 1.3692182600498197 1.2280928511172535 1.4067075850907711 1.190320252033416 1.2575973737984893 1.5593515206128357
leaf_count=24 29 37 37 38 16 31 22 22 24 31 30 29 30 33 25 29 27 21 26 17 35 17 19 23 28 15 19
internal_value=3.79328e-05 0.0111556 0.0459421 -0.00364018 -0.00933952 -0.00639027 0.0136814 -0.0131485 -0.0184126 -0.0036599 -0.0346982 -0.014989 -0.0573888 0.00630568 0.000834722 0.00768857 0.0216094 0.00194761 0.0116892 0.00511844 0.0117832 -0.00260153 -0.0176726 0.0117808 0.0505384 0.0310162 -0.0105105
internal_weight=48.5444 12.0677 1.78464 36.4767 23.1887 21.6498 5.45343 16.1964 14.4705 7.59257 6.87788 3.68076 3.19713 13.288 11.4893 9.5581 6.59346 4.53421 4.88192 10.2831 8.20554 5.98435 4.00402 2.6348 2.2212 2.68124 3.19601
internal_count=734 242 74 492 319 303 72 231 207 96 111 59 52 173 140 115 86 59 65 168 139 94 59 42 45 41 41
is_linear=0
shrinkage=0.1


Tree=87
num_leaves=31
num_cat=0
split_feature=7 0 9 9 5 0 0 2 0 10 9 9 0 2 5 9 9 19 2 11 2 19 19 5 3 9 0 8 7 6
split_gain=0.19283 0.570071 0.218854 0.281875 0.197274 0.19277 0.614719 0.276028 0.202708 0.207661 0.488282 0.648031 0.574609 0.500218 0.460432 0.357327 0.675824 0.405341 0.341408 0.838648 0.729714 0.747649 0.688626 1.15385 0.338799 0.307599 0.277442 0.275736 0.185522 0.00262445
threshold=0.15000000000000005 61.500000000000007 45.850000000000009 49.750000000000007 187.50000000000003 41.500000000000007 43.500000000000007 130.50000000000003 44.500000000000007 1.0000000180025095e-35 66.350000000000009 71.750000000000014 50.500000000000007 136.50000000000003 166.50000000000003 65.350000000000009 74.450000000000017 1.0000000180025095e-35 137.50000000000003 1.0000000180025095e-35 148.50000000000003 1.0000000180025095e-35 1.0000000180025095e-35 148.50000000000003 237.50000000000003 77.950000000000017 60.500000000000007 1.0000000180025095e-35 0.75000000000000011 1.0000000180025095e-35
decision_type=2 2 2 2 2 2 2 2 2 2 2 2 2 2 2 2 2 2 2 2 2 2 2 2 2 2 2 2 2 2
left_child=1 4 -2 -4 29 7 -7 -5 -8 10 13 12 -12 -10 -15 -11 17 -17 19 28 21 -20 23 -22 -18 -26 27 -27 -13 -1
right_child=2 -3 3 5 -6 6 8 -9 9 15 11 18 -14 14 -16 16 24 -19 20 -21 22 -23 -24 -25 25 26 -28 -29 -30 -31
leaf_value=-0.10150902358393787 -0.055205733377459626 0.062210977316269511 0.062397995161772073 0.052189761594791453 -0.010867057859380882 -0.065085666046851828 0.038396251794887711 -0.00084064963409064334 -0.082248173427729845 0.045429817763784429 -0.0062167765329995692 -0.038141140990404547 0.080716386391565753 0.020626072599863821 -0.055609096650503426 -0.057003024503854707 0.051861774300362797 0.0033447183045172846 -0.085001384766458965 0.075187060300947975 -0.02135180829322144 -0.0032427735204738038 -0.028912100912779355 0.091694307676934775 0.052719041452218243 0.048209349565340086 -0.036309394932298115 -0.017842618412168321 0.012422042150047767 -0.11390300298774479
leaf_weight=0.36854499037144595 0.67928317794576187 0.41380175389349461 0.75926427554804732 1.7180565637536336 0.30731610464863479 1.4477964297402639 1.4168280800804485 2.2895654554013163 1.5048158606514359 2.3019446465186766 1.3399800627958058 1.6031107422895723 1.7576496994588522 1.8271616904530676 1.3986961960326878 2.3582994388416392 2.3646003359463066 2.1077815117314458 2.4324447526596469 1.5775534308049826 1.8287776276702064 2.0705831459490582 3.2641120115295053 1.7833679872564969 1.1377826867392284 1.2736840685829522 1.7559768615756182 1.2544936453923581 1.3257539691403506 0.31850208342075348
leaf_count=41 9 14 9 22 20 19 16 29 18 26 21 21 29 31 25 35 38 25 30 20 26 32 39 28 18 21 27 20 20 5
internal_value=3.78952e-05 -0.0364202 0.00114008 0.00197395 -0.0774653 0.000957622 -0.00108215 0.0218933 0.00125281 -0.000122358 -0.00589339 0.00126983 0.0431106 -0.0346381 -0.0124287 0.00928049 0.00248898 -0.0285217 -0.00688891 0.0164068 -0.0161145 -0.0474071 0.00437806 0.0344607 0.0202756 0.00650033 -0.0057744 0.0154341 -0.0152537 -0.107255
internal_weight=47.9875 1.40816 46.5794 45.9001 0.994363 45.1408 41.1332 4.00762 39.6854 38.2686 23.714 18.9833 3.09763 4.73067 3.22586 14.5546 12.2526 4.46608 15.8857 4.50642 11.3793 4.50303 6.87626 3.61215 7.78654 5.42194 4.28415 2.52818 2.92886 0.687047
internal_count=734 80 654 645 66 636 585 51 566 550 340 266 50 74 56 210 184 60 216 61 155 62 93 54 124 86 68 41 41 46
is_linear=0
shrinkage=0.1


Tree=88
num_leaves=28
num_cat=0
split_feature=6 8 21 3 3 19 20 7 3 2 3 3 2 0 5 3 3 3 5 9 7 7 10 9 5 3 2
split_gain=0.18871 0.219689 0.429231 0.298438 0.360329 0.271698 0.517147 0.232343 0.195276 0.595601 0.34143 0.421401 0.41417 0.394233 0.581831 0.502659 0.447578 0.833206 0.704107 0.582435 0.43037 0.571578 0.602686 0.34608 0.155243 0.143073 0.000212747
threshold=1.0000000180025095e-35 1.0000000180025095e-35 1.0000000180025095e-35 200.50000000000003 236.50000000000003 1.0000000180025095e-35 1.0000000180025095e-35 0.65000000000000002 303.50000000000006 147.50000000000003 290.50000000000006 279.50000000000006 163.50000000000003 60.500000000000007 166.50000000000003 264.50000000000006 248.50000000000003 232.50000000000003 179.50000000000003 76.15000000000002 1.2500000000000002 0.95000000000000007 1.0000000180025095e-35 81.050000000000011 151.50000000000003 270.50000000000006 139.50000000000003
decision_type=2 2 2 2 2 2 2 2 2 2 2 2 2 2 2 2 2 2 2 2 2 2 2 2 2 2 2
left_child=8 3 7 -2 -5 6 -6 -3 10 -10 11 12 13 14 15 20 17 19 -18 -16 21 22 24 -15 -1 -7 -9
right_child=1 2 -4 4 5 25 -8 26 9 -11 -12 -13 -14 23 16 -17 18 -19 -20 -21 -22 -23 -24 -25 -26 -27 -28
leaf_value=-0.046804132716147147 -0.037265975693557676 0.023264866209004836 -0.0019262596632936319 0.05719696512886098 0.069511027199205586 -0.047526627224397926 -0.014093348370738917 0.10608927897197305 0.063993562180141031 -0.016442760415077581 -0.04122557226321287 0.039587370854145737 0.040692238377646246 -0.011689259567484497 -0.084414011491105778 0.058544733192156639 -0.10359222710235344 0.040072980994376423 -0.014268581474066962 0.0030237969155842031 -0.038386535538474036 0.062416839744586172 0.042092019566266209 -0.069452830805904128 -0.0080234869651386112 -0.00077732596028172972 0.10301613803789743
leaf_weight=1.687118314206616 1.5248654074966888 0.57749169832095415 1.5995268757687882 1.3874688982032237 1.2660515017341822 1.2609202880412342 1.7802168591879308 0.43302968656644225 1.6087820909451687 2.151879757642746 2.5497872536070636 2.1458771310281 1.7443199576809991 2.3023600268643341 1.4789403364993616 1.8229536246508349 1.47908849013038 2.3273563557304442 2.187821579631418 1.5710979684954507 2.1364006195217362 1.7652114704251287 2.1070491487625986 1.8875605231150983 2.6593212796142325 1.3615309381857512 0.46951672178693116
leaf_count=21 19 11 37 27 26 17 33 12 21 26 36 31 27 36 28 22 22 30 34 31 19 25 26 22 35 25 35
internal_value=3.20108e-05 0.0110736 0.0339859 0.00285083 0.0115202 0.000340409 0.0206532 0.0727974 -0.00358329 0.0179673 -0.00612768 -0.0030736 -0.00644461 -0.00968012 -0.00414585 0.0101234 -0.0233592 -0.00498913 -0.0502983 -0.0393741 0.00159909 0.0119931 -0.00179921 -0.0377118 -0.0230766 -0.0232552 0.104491
internal_weight=47.2735 11.6606 3.07956 8.58105 7.05619 5.66872 3.04627 1.48004 35.6129 3.76066 31.8523 29.3025 27.1566 25.4123 21.2224 12.1781 9.0443 5.37739 3.66691 3.05004 10.3551 8.2187 6.45349 4.18992 4.34644 2.62245 0.902546
internal_count=734 242 95 147 128 101 59 58 492 47 445 409 378 351 293 148 145 89 56 59 126 107 82 58 56 42 47
is_linear=0
shrinkage=0.1


Tree=89
num_leaves=29
num_cat=0
split_feature=3 9 8 9 9 7 0 8 3 2 0 14 10 7 7 2 5 2 3 7 1 15 0 0 0 5 2 0
split_gain=0.18221 0.171452 0.757634 0.350746 0.352967 0.230958 0.396993 0.647301 0.325663 0.714003 0.528781 0.442221 0.478762 1.07282 0.64324 0.574231 0.359084 0.293707 0.280456 0.719593 0.521322 0.359437 0.270482 0.264026 0.373033 0.219647 0.216445 0.185112
threshold=162.50000000000003 96.15000000000002 1.0000000180025095e-35 93.250000000000014 90.65000000000002 0.75000000000000011 39.500000000000007 1.0000000180025095e-35 271.50000000000006 146.50000000000003 57.500000000000007 1.0000000180025095e-35 1.0000000180025095e-35 0.95000000000000007 1.3500000000000003 132.50000000000003 169.50000000000003 144.50000000000003 272.50000000000006 0.65000000000000002 1.0000000180025095e-35 1.0000000180025095e-35 53.500000000000007 52.500000000000007 58.500000000000007 157.50000000000003 143.50000000000003 53.500000000000007
decision_type=2 2 2 2 2 2 2 2 2 2 2 2 2 2 2 2 2 2 2 2 2 2 2 2 2 2 2 2
left_child=-1 3 -3 4 5 6 -2 18 11 16 -11 12 13 -7 -14 -15 -10 -17 19 20 -8 27 -20 -9 -25 -13 -23 -22
right_child=1 2 -4 -5 -6 8 7 23 9 10 -12 25 14 15 -16 17 -18 -19 22 -21 21 26 -24 24 -26 -27 -28 -29
leaf_value=-0.035712395250839614 0.047695767556646479 0.080451644372079287 -0.02957539550793899 -0.047571083269322544 0.051984306652129081 -0.063898089116458848 0.061007875014277083 -0.017573941259966207 0.092875264992884024 -0.051790092011145088 0.030643405921247108 -0.0011471435497609377 0.074774937962304125 0.077455822640333571 -0.010456956510928145 -0.033438483687594299 0.022962966827721355 0.023373148730500896 0.011897055432091087 -0.057788555668357756 -0.053771780159232202 0.057768151874057427 -0.040744784077810209 -0.095917416541474732 -0.022318364177739202 -0.050742429289180185 4.4254665109866637e-05 0.0031108700939516225
leaf_weight=1.3838359868968826 1.1905062389560068 1.2776167858391994 1.2267606911482287 1.5180920036509622 1.3333990902174253 2.2081105370307359 2.3953135914634931 2.4357051339466116 1.6386612635105842 1.4281039159977811 1.709823121782392 1.4897045623511069 2.0934507874771957 1.2829001839272676 1.5345036466605959 1.5476760582532736 1.3317170065129174 2.2086047953926027 1.5582375908270467 1.3072186238132415 1.1245535381603988 1.3268124833703043 2.6124905970646068 1.5244064655271361 1.2561103035695849 2.2293412312865257 1.2726575620472429 1.1645593626890329
leaf_count=23 16 25 18 21 26 23 38 38 31 24 36 25 28 19 23 21 17 34 28 17 21 22 33 28 29 30 21 19
internal_value=3.12948e-05 0.00112496 0.0265553 -0.000365746 0.00137343 -0.000319133 -0.00822874 -0.0119321 0.00700438 0.026391 -0.00687295 -0.00110972 0.00906973 -0.00577538 0.0387247 0.0196933 0.0615313 -3.458e-05 0.000199122 0.0105281 0.0227887 0.00406199 -0.0210771 -0.0416118 -0.0626687 -0.0308765 0.0295075 -0.0248334
internal_weight=46.6109 45.227 2.50438 42.7227 41.2046 39.8712 19.1686 17.9781 20.7026 6.10831 3.13793 14.5943 10.8752 7.24729 3.62795 5.03918 2.97038 3.75628 12.7618 8.59112 7.2839 4.88858 4.17073 5.21622 2.78052 3.71905 2.59947 2.28911
internal_count=734 711 43 668 647 621 310 294 311 108 60 203 148 97 51 74 48 55 199 138 121 83 61 95 57 55 43 40
is_linear=0
shrinkage=0.1


Tree=90
num_leaves=31
num_cat=0
split_feature=7 0 5 5 5 3 9 6 3 3 2 3 7 2 5 9 7 0 0 5 5 2 19 15 9 0 3 3 6 9
split_gain=0.170639 0.483178 0.199931 0.179245 0.334324 0.584542 0.323764 0.279569 0.214086 0.398374 0.309875 0.559487 0.394874 0.464662 0.546746 0.392292 0.332899 0.491557 0.448106 0.553052 0.975277 0.561886 0.298802 0.363356 0.355351 0.221602 0.210824 0.151177 0.00173807 6.31984e-06
threshold=0.15000000000000005 61.500000000000007 191.50000000000003 180.50000000000003 192.50000000000003 257.50000000000006 77.550000000000011 1.0000000180025095e-35 303.50000000000006 314.50000000000006 136.50000000000003 176.50000000000003 1.9500000000000002 140.50000000000003 176.50000000000003 90.65000000000002 1.0500000000000003 49.500000000000007 49.500000000000007 153.50000000000003 134.50000000000003 151.50000000000003 1.0000000180025095e-35 1.0000000180025095e-35 72.450000000000017 59.500000000000007 256.50000000000006 325.50000000000006 1.0000000180025095e-35 81.450000000000017
decision_type=2 2 2 2 2 2 2 2 2 2 2 2 2 2 2 2 2 2 2 2 2 2 2 2 2 2 2 2 2 2
left_child=1 2 28 8 5 7 -6 -5 10 -10 22 -12 13 26 15 16 18 -18 -15 20 -20 -21 23 -2 -24 -19 -13 -11 29 -1
right_child=3 -3 -4 4 6 -7 -8 -9 9 27 11 12 -14 14 -16 -17 17 25 19 21 -22 -23 24 -25 -26 -27 -28 -29 -30 -31
leaf_value=-0.10104484483550424 -0.024862555036937073 0.055601593317559428 -0.0043898432252718811 -0.097538077414482949 0.027578517597589544 0.0091728198953025929 -0.025221937808542916 -0.029523521054402143 0.072266376710174704 -0.016115036102427635 0.079931431862435967 0.059844084199402195 0.048780951717052407 0.033373638299618695 0.051938419305571693 0.025585966516830885 -0.090946278789046986 0.015070127749294483 -0.047355376252413477 -0.082349831682587499 0.073453250128946934 -0.0073587312533370313 -0.063732120143292284 0.029651837776854168 -0.0060790397198784594 -0.046918626991558035 0.0084546988638323009 0.030851101975677916 -0.11189693189516595 -0.10188962265438158
leaf_weight=0.19695014425087609 2.3935177857056278 0.40545958327129483 0.27673243859317154 1.2348249759525043 2.9439977533183992 1.9655162359122185 1.9178650071844456 1.1836422788910568 1.2738406740827475 1.5446820469223896 1.0293497894890631 1.6531943599693542 1.8330927644856263 1.9521784109529123 1.446250638924538 2.2808744283393017 1.4152347650378936 1.1474383051972838 1.3134977605659517 1.9874446806497874 1.3602789506549013 2.0092568369582295 2.0164620152208954 2.4994693698827177 2.2755225386936218 1.1594172907061873 1.543794270022772 1.2319548999657852 0.2844679206609726 0.16090650809928775
leaf_count=32 27 14 16 27 38 28 31 15 27 17 16 20 29 23 19 37 13 28 17 27 32 28 20 34 32 18 21 30 5 13
internal_value=4.0256e-05 -0.0353315 -0.0754484 0.00109042 -0.0113067 -0.0313319 0.00675026 -0.0642505 0.00433136 0.0259649 0.00153325 0.00794156 0.00442991 0.000210688 -0.00671524 -0.0125152 -0.0195549 -0.0445493 -0.00876578 -0.0210983 0.0141058 -0.0446496 -0.0139077 0.00298486 -0.0331656 -0.0160852 0.0350287 0.00472318 -0.106063 -0.101425
internal_weight=45.9371 1.32452 0.919057 44.6126 9.24585 4.38398 4.86186 2.41847 35.3668 4.05048 31.3163 22.1313 21.102 19.2689 16.0719 14.6256 12.3447 3.72209 8.62266 6.67048 2.67378 3.9967 9.18497 4.89299 4.29198 2.30686 3.19699 2.77664 0.642325 0.357857
internal_count=734 80 66 654 139 70 69 42 515 74 441 328 312 283 242 223 186 59 127 104 49 55 113 61 52 46 41 47 50 45
is_linear=0
shrinkage=0.1


Tree=91
num_leaves=30
num_cat=0
split_feature=3 7 13 5 2 19 7 0 4 1 3 17 3 3 3 9 9 0 9 9 9 3 6 20 5 2 10 2 9
split_gain=0.199798 0.197368 0.450085 0.40195 0.565221 0.428903 0.381236 0.29155 0.243184 0.387507 0.499044 0.364447 0.673235 0.762515 0.773298 0.378203 0.227259 0.215926 0.773035 0.804915 0.65086 0.50727 0.400585 0.445544 0.394143 0.362468 0.215267 0.121893 0.109927
threshold=160.50000000000003 0.45000000000000007 1.0000000180025095e-35 186.50000000000003 150.50000000000003 1.0000000180025095e-35 0.25000000000000006 52.500000000000007 1.0000000180025095e-35 1.0000000180025095e-35 279.50000000000006 1.0000000180025095e-35 276.50000000000006 243.50000000000003 227.50000000000003 72.550000000000011 67.800000000000026 61.500000000000007 61.850000000000001 68.15000000000002 76.050000000000011 242.50000000000003 1.0000000180025095e-35 1.0000000180025095e-35 157.50000000000003 147.50000000000003 1.0000000180025095e-35 136.50000000000003 77.950000000000017
decision_type=2 2 2 2 2 2 2 2 2 2 2 2 2 2 2 2 2 2 2 2 2 2 2 2 2 2 2 2 2
left_child=-1 2 3 4 5 6 -2 -5 11 -10 -11 17 13 14 27 -14 -7 18 -3 -20 26 -19 25 -24 -23 -22 -21 -13 -15
right_child=1 8 -4 7 -6 16 -8 -9 9 10 -12 12 15 28 -16 -17 -18 21 19 20 22 24 23 -25 -26 -27 -28 -29 -30
leaf_value=-0.040181483666925866 -0.0010130506491615782 -0.06290951505680388 -0.057936460096600417 -0.10542405380278647 -0.041579756583404154 -0.045839835126353132 0.060342529772991475 -0.0054048502873131968 0.060599848364754919 0.034527357739821719 -0.054378948079895767 -0.020585849117974231 0.022109346673897565 -0.018660772217330698 0.094379993775393606 0.10298851260310767 0.0137546358263619 -0.077721235210524001 0.069105124915404895 -0.017904024398215073 -0.021220427844196157 -0.038014193678802682 0.11148539693655718 0.012027746167634058 0.035539876105298636 0.03398844643877174 -0.068367314182067637 0.020886649283084594 -0.057207114723559382
leaf_weight=1.2033247268991534 1.5994280876475331 1.745416385121646 1.6770367330173037 0.60430983675178207 2.0034021595492959 1.1838084601331504 2.7607107907533646 0.56291086750570685 1.9293226328445587 1.7264427181798967 0.9953520894050597 1.3627375969663282 1.1064939450006934 1.6246382691897454 1.2889002952724693 1.2108653584145939 1.39271643536631 1.3252268033102144 1.844513515010475 2.2357734697870892 2.9708489952608943 1.5360686777858066 0.80211668927222457 1.0272577316500247 1.3857413479126988 1.9829373988322911 1.3592508865986022 1.4766010828316209 1.3584608556702731
leaf_count=19 33 22 32 27 38 15 28 19 32 36 22 16 17 22 22 28 25 17 24 33 31 25 18 27 19 24 19 25 19
internal_value=2.12757e-05 0.00111877 -0.00995858 -0.00199792 0.00520776 0.0187206 0.0378355 -0.0571882 0.00516086 0.0263162 0.00201459 0.00160144 0.0175605 0.00230673 0.0301423 0.0643703 -0.0136266 -0.00665946 -0.000655884 0.00823401 -0.0025846 -0.0264047 0.0156467 0.0556364 -0.00312934 0.000878979 -0.0369838 0.000981968 -0.0362142
internal_weight=45.2826 44.0793 11.7843 10.1073 8.94007 6.93666 4.36014 1.16722 32.295 4.65112 2.72179 27.6438 9.4287 7.11134 4.12824 2.31736 2.57652 18.2152 13.9681 12.2227 10.3782 4.24704 6.78316 1.82937 2.92181 4.95379 3.59502 2.83934 2.9831
internal_count=734 715 217 185 139 101 61 46 498 90 58 408 149 104 63 45 40 259 198 176 152 61 100 45 44 55 52 41 41
is_linear=0
shrinkage=0.1


Tree=92
num_leaves=30
num_cat=0
split_feature=6 5 9 9 9 9 19 9 9 5 5 2 5 7 9 2 2 2 11 3 7 0 2 5 3 0 3 2 0
split_gain=0.180665 0.218821 0.312829 0.447147 0.653059 0.726271 0.394183 0.261639 0.67179 0.410042 0.183663 0.551458 0.45501 0.404408 0.203645 0.471209 0.611607 0.385673 0.313165 0.486264 0.590289 0.418098 0.436682 0.403973 0.462365 0.335583 0.352025 0.242156 0.0169049
threshold=1.0000000180025095e-35 199.50000000000003 67.450000000000017 70.250000000000014 74.350000000000009 76.050000000000011 1.0000000180025095e-35 80.600000000000009 83.450000000000017 159.50000000000003 185.50000000000003 146.50000000000003 192.50000000000003 0.8500000000000002 66.15000000000002 137.50000000000003 149.50000000000003 128.50000000000003 1.0000000180025095e-35 276.50000000000006 0.65000000000000002 60.500000000000007 147.50000000000003 158.50000000000003 242.50000000000003 46.500000000000007 234.50000000000003 153.50000000000003 57.500000000000007
decision_type=2 2 2 2 2 2 2 2 2 2 2 2 2 2 2 2 2 2 2 2 2 2 2 2 2 2 2 2 2
left_child=10 2 6 -4 -5 -6 -2 -7 -9 28 14 12 -12 -14 15 -1 -17 -16 19 21 -21 22 25 24 -20 -19 -27 -24 -10
right_child=1 -3 3 4 5 7 -8 8 9 -11 11 -13 13 -15 17 16 -18 18 23 20 -22 -23 27 -25 -26 26 -28 -29 -30
leaf_value=-0.046363647319731853 0.10735296947531608 -0.035041704236976744 -0.048283620660471899 0.074408094720681051 -0.082911374423550593 0.060016925056867801 0.0086462650910497287 -0.078043916337579122 -0.025662343970945217 0.06183447362118584 -0.10898110600326585 0.018381995879084078 -0.06694588021923481 0.028451328632500064 0.03876023837359991 0.049036198730707824 -0.028392501939442157 0.0127330569025099 0.035807930947059793 -0.014292686848497826 0.06675863676050095 -0.057431224077082114 0.044203421551882088 0.047546364152858289 -0.047312357663594339 -0.010122423613431818 -0.076684496756221646 -0.0096434780822668709 -0.0030578832005316364
leaf_weight=2.8974330457858768 0.77377847302704761 0.93505179695785123 1.2167874546721558 1.5637897758278994 0.86552241770550598 1.0779391154064795 0.84793081600219011 0.78419500030577216 0.6548861130140724 1.5245344846043734 0.90898595622274969 1.9547133077867327 0.94427047355566152 0.83939159289002419 2.8020516713149872 1.8461804825346915 2.28009042609483 1.3426114970352516 1.2809191937558346 1.9746446325443678 1.648863569833338 2.3140812618657947 1.7381997848860922 2.6281222142279148 1.4013817571103571 1.4418767513707282 1.7697911560535429 1.6075773400953037 0.66863342770375311
leaf_count=34 23 11 19 35 12 30 19 18 24 34 25 30 35 8 34 26 35 14 19 28 27 30 21 32 22 21 27 24 17
internal_value=3.55246e-05 0.011215 0.0155498 0.00774953 0.0172993 0.00128227 0.0557429 0.0167533 0.003914 0.0264806 -0.00359322 -0.0220478 -0.0513975 -0.0220519 -0.000633133 -0.0154539 0.00625073 0.00410928 -0.000961408 -0.00888382 0.0225894 -0.0200491 -0.00909912 0.0196824 -0.00761869 -0.0292506 -0.0468015 0.0183311 -0.0142427
internal_weight=44.5342 10.913 9.978 8.35629 7.1395 5.57571 1.62171 4.71019 3.63225 2.84805 33.6212 4.64736 2.69265 1.78366 28.9738 7.0237 4.12627 21.9501 19.1481 13.8376 3.62351 10.2141 7.90006 5.31042 2.6823 4.55428 3.21167 3.34578 1.32352
internal_count=734 242 231 189 170 135 42 123 93 75 492 98 68 43 394 95 61 299 265 192 55 137 107 73 41 62 48 45 41
is_linear=0
shrinkage=0.1


Tree=93
num_leaves=28
num_cat=0
split_feature=2 3 0 7 19 5 5 9 1 7 9 9 2 0 9 3 3 19 5 3 3 9 1 9 5 0 9
split_gain=0.585398 0.325242 0.215616 0.211594 0.576351 0.470055 0.478715 0.381102 0.308186 0.289552 0.775437 0.500315 0.406389 0.689366 0.73097 0.563273 0.782236 0.585888 0.550386 0.290423 0.66121 0.468472 0.359403 0.422253 0.277286 0.172323 0.117982
threshold=168.50000000000003 168.50000000000003 69.500000000000014 0.45000000000000007 1.0000000180025095e-35 174.50000000000003 157.50000000000003 82.350000000000009 1.0000000180025095e-35 1.0500000000000003 89.850000000000009 83.850000000000009 129.50000000000003 47.500000000000007 81.250000000000014 264.50000000000006 244.50000000000003 1.0000000180025095e-35 165.50000000000003 239.50000000000003 254.50000000000003 72.65000000000002 1.0000000180025095e-35 69.350000000000009 156.50000000000003 59.500000000000007 64.250000000000014
decision_type=2 2 2 2 2 2 2 2 2 2 2 2 2 2 2 2 2 2 2 2 2 2 2 2 2 2 2
left_child=1 -1 3 4 5 6 -3 24 -7 10 11 19 -11 -14 15 16 17 -15 -17 21 -21 -5 -22 -24 -6 -16 -26
right_child=-2 2 -4 9 7 8 -8 -9 -10 12 -12 -13 13 14 25 18 -18 -19 -20 20 22 -23 23 -25 26 -27 -28
leaf_value=-0.051882692707413018 0.06937999624063447 -0.0059560276007810178 -0.031989608649988233 0.026686238097882065 -0.024485859635484084 0.0067060306449944519 0.058175856992514374 0.0047509421505667259 -0.083072035949321943 0.034998024492348172 0.073966363386681139 -0.037770735733199959 -0.064881929272993327 -0.024886363133183195 -0.020680279873972245 0.10734521195105123 -0.068749320037323744 0.075960273654427701 0.014835143856222928 0.072506945192456471 0.041705014125605205 -0.037999063283231188 -0.056915988124932385 0.019459812636531272 -0.053129586354238367 -0.070534264476091721 -0.10797020839302272
leaf_weight=1.263141949661075 1.1842820585588913 2.4614294938510266 2.0495938574895254 2.2850895653245988 1.2807206856086852 0.7431654925458131 2.2080582631751895 1.3552387352101503 0.78756153164431453 2.1199946484994134 1.9490512469783414 2.1475239356514058 2.0674711083993307 1.1066847138572471 1.517294980119914 1.0956963607459331 1.3266596496105192 1.2015850935131311 1.5569820795208213 2.2302936683408916 1.7890839253086595 2.1952153742313385 1.3256973205134275 1.5945369654800741 0.64428768423385907 1.2767522437497971 1.0030081154545767
leaf_count=28 25 37 28 31 17 17 31 26 26 31 34 36 32 21 32 32 15 21 17 28 32 27 17 31 14 15 33
internal_value=3.08615e-05 -0.00189787 -0.000369799 0.00128055 -0.010883 0.0086053 0.02437 -0.0390933 -0.0394849 0.00571042 0.0149851 0.00651208 -0.00513512 -0.0127664 -0.000902107 0.0180101 -0.00755876 0.02761 0.0530467 0.0148395 0.0276531 -0.00500762 0.00641065 -0.0152125 -0.0593867 -0.0434613 -0.086521
internal_weight=43.7661 42.5818 41.3187 39.2691 10.4835 6.20021 4.66949 4.28326 1.53073 28.7856 15.5165 13.5674 13.2691 11.1491 9.08166 6.28761 3.63493 2.30827 2.65268 11.4199 6.93961 4.4803 4.70932 2.92023 2.92802 2.79405 1.6473
internal_count=734 709 681 653 201 111 68 90 43 452 236 202 216 185 153 106 57 42 49 166 108 58 80 48 64 47 47
is_linear=0
shrinkage=0.1


Tree=94
num_leaves=31
num_cat=0
split_feature=5 5 5 5 9 2 3 6 8 7 13 9 3 3 3 3 7 5 15 7 0 18 9 7 7 2 9 5 5 9
split_gain=0.189576 0.367519 0.322072 0.6973 0.409501 0.195483 0.940517 0.21795 0.293909 0.248106 0.257323 0.374036 0.319235 0.216609 0.445954 0.430436 0.533598 0.417929 0.677323 0.427772 0.457719 0.537975 0.379116 0.866265 0.366862 0.308474 0.218807 0.179723 0.160485 0.123815
threshold=120.50000000000001 128.50000000000003 140.50000000000003 138.50000000000003 74.850000000000009 163.50000000000003 275.50000000000006 1.0000000180025095e-35 1.5000000000000002 1.4500000000000002 1.0000000180025095e-35 83.15000000000002 274.50000000000006 276.50000000000006 314.50000000000006 272.50000000000006 1.2500000000000002 179.50000000000003 1.0000000180025095e-35 0.55000000000000016 46.500000000000007 1.0000000180025095e-35 66.15000000000002 0.65000000000000002 1.7500000000000002 130.50000000000003 78.850000000000009 186.50000000000003 161.50000000000003 69.450000000000017
decision_type=2 2 2 2 2 2 2 2 2 2 2 2 2 2 2 2 2 2 2 2 2 2 2 2 2 2 2 2 2 2
left_child=-1 -2 3 4 -3 7 -7 13 9 10 11 12 -9 15 22 16 17 19 29 25 -21 -22 -15 -24 -18 -4 28 -10 -27 -19
right_child=1 2 5 -5 -6 6 -8 8 27 -11 -12 -13 -14 14 -16 -17 24 18 -20 20 21 -23 23 -25 -26 26 -28 -29 -30 -31
leaf_value=0.037797012466060695 -0.053071259236956672 -0.036088564087916997 -0.064266371030897926 0.095573790818568538 0.042805451751682058 0.082573676470836466 -0.040490629135856188 0.012825994737806552 0.10328954120671292 0.045193481365579019 -0.042042167197536964 0.048424368113693453 -0.046711753463085648 -0.016863317189362775 -0.040185248489460888 -0.070811807577709315 -0.068195571905695127 0.039775841130877586 -0.093797734899102828 0.068936456915394059 -0.028933843697838559 0.040492709442541554 -0.016166120553486259 0.089404605718611474 -0.010919564181467539 -0.048622439538578588 0.030442914734712917 0.020456033441859693 0.0085486601967311709 -0.017099399850233926
leaf_weight=1.2896319541614492 1.3192467465996731 1.4104110514745114 0.99631299823523445 1.096241201739758 1.2331217864993957 1.3215801254846149 1.1715142779867163 2.2268334166146802 0.48779572185594566 1.1613881357479838 1.45679110661149 1.4605307094752786 1.5121288090012965 1.6462172805331636 1.5173985725268719 1.259542885236441 2.2851259661838403 0.67564687994308681 1.1428118137409911 1.7463853973895309 2.06398915220052 2.4303582180291414 1.4019273438607345 1.7443661591969428 2.1900824792683125 1.0528745422489012 1.3365186917362732 0.56570021435618401 0.92006332101300348 0.88297342334408313
leaf_count=19 21 24 17 22 34 29 16 35 33 31 21 28 23 21 21 18 27 15 33 18 27 29 27 25 21 23 23 9 19 25
internal_value=3.57097e-05 -0.00113167 0.000564541 0.0285195 0.000712919 -0.00228746 0.0247453 -0.00426017 0.00922642 0.00254461 -0.00489676 0.00551062 -0.0112525 -0.00899048 0.00706079 -0.014326 -0.0103117 -0.000226805 -0.0353209 0.00876237 0.025491 0.00860918 0.0220198 0.0423643 -0.0401658 -0.0154839 -0.000797864 0.0588101 -0.0219612 0.00755547
internal_weight=43.0055 41.7159 40.3966 3.73977 2.64353 36.6569 2.49309 34.1638 8.87117 7.81767 6.65628 5.19949 3.73896 25.2926 6.30991 18.9827 17.7231 13.2479 2.70143 10.5465 6.24073 4.49435 4.79251 3.14629 4.47521 4.30577 3.30946 1.0535 1.97294 1.55862
internal_count=734 715 694 80 58 614 45 569 180 138 107 86 58 389 94 295 277 229 73 156 74 56 73 52 48 82 65 42 42 40
is_linear=0
shrinkage=0.1


Tree=95
num_leaves=30
num_cat=0
split_feature=6 11 15 10 18 1 9 1 5 5 8 9 9 3 9 3 14 5 15 9 8 10 2 9 2 5 3 15 0
split_gain=0.162981 0.201597 0.310762 0.153135 0.262044 0.285025 0.820769 0.260079 0.650946 0.455955 0.366658 0.381583 0.292281 0.346786 0.419416 0.207253 0.251979 0.204702 0.294667 0.172329 0.153092 0.343418 0.244544 0.354169 0.27256 0.141536 0.0930054 0.0600922 0.00887502
threshold=1.0000000180025095e-35 1.0000000180025095e-35 1.0000000180025095e-35 1.0000000180025095e-35 1.0000000180025095e-35 1.0000000180025095e-35 75.850000000000009 1.0000000180025095e-35 176.50000000000003 200.50000000000003 1.0000000180025095e-35 67.450000000000017 66.350000000000009 235.50000000000003 81.050000000000011 244.50000000000003 1.0000000180025095e-35 163.50000000000003 1.0000000180025095e-35 72.450000000000017 1.0000000180025095e-35 1.0000000180025095e-35 146.50000000000003 70.250000000000014 155.50000000000003 170.50000000000003 247.50000000000003 1.0000000180025095e-35 52.500000000000007
decision_type=2 2 2 2 2 2 2 2 2 2 2 2 2 2 2 2 2 2 2 2 2 2 2 2 2 2 2 2 2
left_child=3 20 -3 7 5 -5 -7 10 12 28 15 -12 -9 -14 26 -1 -17 18 -6 -19 22 -22 23 -2 -24 -8 -15 -25 -10
right_child=1 2 -4 4 17 6 25 8 9 -11 11 -13 13 14 -16 16 -18 19 -20 -21 21 -23 24 27 -26 -27 -28 -29 -30
leaf_value=-0.0022645043792093962 -0.029187111132801258 0.01239251691712783 0.1079205886628871 0.060788575318515517 0.046079474853192776 -0.056774119620412893 0.057914262900023106 -0.05337486506103039 -0.092656819845851335 -0.0016187850670526015 -0.056491683204832638 0.011575549015224213 -0.029025779281619948 0.061840126660243883 -0.017758790467274001 0.061382314445345192 0.0045733983420123119 -0.001574948639210743 -0.021272495430326329 -0.047275597251782431 0.070430037888238858 -0.0079456451019133765 -0.049257414690588128 0.055168192312827907 0.010513020256492827 0.015151147833931547 0.025462988041935915 0.022501837197511976 -0.10843664548420094
leaf_weight=2.4569559921510518 1.1542606772854891 1.0115716883447028 0.51335579546866927 1.3594173274468646 1.2765705059282482 1.3447782546281812 1.5667660823091867 1.1985942466417316 0.67636259301798529 0.68233279138803471 1.6478710360825064 1.6465067616663871 2.7717170363175665 1.1390234031714501 2.2594349859282374 1.7776742684654891 1.3923136619850993 1.563827458303422 1.32255390426144 1.7467390638776121 1.0230821411823854 1.2326352045638487 1.7348037743940952 1.1332027362659574 1.3618632322177289 1.5295796734280882 1.8352935251314191 1.1194426836445928 0.75348770903656259
leaf_count=33 18 37 37 18 22 23 24 19 22 18 24 23 38 13 31 29 19 20 20 26 36 25 22 20 27 20 29 20 21
internal_value=4.64053e-05 0.0109956 0.0445514 -0.00347822 0.00562329 0.0207225 0.00845831 -0.0087447 -0.0188102 -0.0688765 0.00402292 -0.0224722 -0.00732084 -0.000425543 0.0147207 0.0195349 0.0364309 -0.009197 0.0118077 -0.0256878 0.00515381 0.0276017 -0.00263208 0.0158551 -0.0229714 0.0367895 0.0393937 0.0389348 -0.100972
internal_weight=42.232 10.2842 1.52493 31.9478 11.7102 5.80054 4.44112 20.2376 11.3162 2.11218 8.92132 3.29438 9.20406 8.00547 5.23375 5.62694 3.16999 5.90969 2.59912 3.31057 8.75929 2.25572 6.50357 3.40691 3.09667 3.09635 2.97432 2.25265 1.42985
internal_count=734 242 74 492 173 85 67 319 191 61 128 47 130 111 73 81 48 88 42 46 168 61 107 58 49 44 42 40 43
is_linear=0
shrinkage=0.1


Tree=96
num_leaves=30
num_cat=0
split_feature=5 5 5 3 14 21 2 7 7 21 0 0 3 7 7 2 10 1 0 18 7 7 5 0 3 5 9 9 5
split_gain=0.157439 0.299224 0.255842 0.646869 0.168207 0.850897 0.541259 0.52981 0.66103 0.436611 0.594575 0.515265 0.534308 0.524576 0.513995 0.454175 0.532837 0.415814 0.413707 0.400846 0.42377 0.418485 0.638748 0.343403 0.336099 0.459805 0.219237 0.164126 0.105623
threshold=120.50000000000001 128.50000000000003 140.50000000000003 246.50000000000003 1.0000000180025095e-35 1.0000000180025095e-35 151.50000000000003 0.55000000000000016 0.8500000000000002 1.0000000180025095e-35 62.500000000000007 62.500000000000007 272.50000000000006 0.65000000000000002 0.8500000000000002 140.50000000000003 1.0000000180025095e-35 1.0000000180025095e-35 54.500000000000007 1.0000000180025095e-35 0.45000000000000007 0.8500000000000002 156.50000000000003 55.500000000000007 215.50000000000003 175.50000000000003 74.15000000000002 79.450000000000017 137.50000000000003
decision_type=2 2 2 2 2 2 2 2 2 2 2 2 2 2 2 2 2 2 2 2 2 2 2 2 2 2 2 2 2
left_child=-1 -2 3 -3 9 7 26 17 -9 11 19 12 13 15 -15 16 -4 -6 -14 21 -21 22 -11 -10 -16 -26 -7 -17 -5
right_child=1 2 4 28 5 6 -8 8 23 10 -12 -13 18 14 24 27 -18 -19 -20 20 -22 -23 -24 -25 25 -27 -28 -29 -30
leaf_value=0.034945087282414633 -0.04853458850471868 -0.0062756335847143178 0.040280914784776328 0.051653183433240928 0.020707138698439875 -0.039642896889922292 0.0084049699450836918 0.093213071489627153 -0.034532719300752489 0.040465456431941112 -0.041284286172164252 0.032431511607825134 -0.019861989248669498 -0.079170816829510715 -0.050073416739390225 0.025502001130264913 -0.065968159984933758 -0.062937549635572243 -0.091853101956052105 0.0026326946025867926 0.07777277658990947 0.040540951582487106 -0.062083975275228492 0.040361500885996812 0.048327095969496289 -0.029368629524318603 -0.095275321947360408 0.080311106741099716 0.10851405616719179
leaf_weight=1.2535146626178164 1.2843637699261297 2.2752473694272335 0.93960485956631401 0.61433161573950179 1.0684588928706926 1.234873870154843 1.1961817827541379 1.2619072021916511 1.1857680187094959 1.0596081865951403 1.4053891263320117 2.6152065901551405 1.8234135585371398 1.3081705223303286 1.3093433135654775 1.0563407757435928 0.94844717066735029 1.339297495491337 1.4197927378118036 1.0839246688410642 2.4404410014394671 2.3526814223732799 1.423161690298002 1.2657207744196055 1.5645457138307395 1.4843312632292507 1.6614090236835179 1.1316593671217559 0.69772045547142625
leaf_count=19 21 37 29 25 15 21 23 16 25 12 28 39 33 19 21 25 16 29 21 27 38 31 32 21 31 21 23 18 18
internal_value=4.19788e-05 -0.00103961 0.00051785 0.0259711 -0.00204846 -0.0128842 -0.048184 0.0107165 0.0344065 0.00231453 0.0188972 -0.00806523 -0.016221 -0.00451741 -0.024198 0.0228418 -0.0130924 -0.0258196 -0.0513779 0.0290144 0.0546633 0.01032 -0.0183174 0.00413569 -0.00769721 0.0105013 -0.0715556 0.0538499 0.0818905
internal_weight=41.7049 40.4513 39.167 3.5873 35.5797 10.2136 4.09246 6.12115 3.7134 25.3661 9.76521 15.6009 12.9856 9.74244 5.66639 4.07605 1.88805 2.40776 3.24321 8.35982 3.52437 4.83545 2.48277 2.45149 4.35822 3.04888 2.89628 2.188 1.31205
internal_count=734 715 694 80 614 173 67 106 62 441 168 273 234 180 92 88 45 44 54 140 65 75 44 46 73 52 44 43 43
is_linear=0
shrinkage=0.1


Tree=97
num_leaves=29
num_cat=0
split_feature=3 6 10 3 2 7 8 4 5 5 17 14 5 3 3 3 0 11 13 8 2 2 9 2 0 7 2 14
split_gain=0.202433 0.179431 0.20392 0.419157 0.360903 0.282136 0.258885 0.43941 0.330757 0.704378 0.456268 0.413278 0.555768 0.243063 0.669957 0.463476 0.23379 0.191173 0.253507 0.179462 0.483136 0.206849 0.286109 0.214271 0.164798 0.124524 0.0443706 0.000162862
threshold=151.00000000000003 1.0000000180025095e-35 1.0000000180025095e-35 219.50000000000003 138.50000000000003 1.3500000000000003 1.0000000180025095e-35 1.0000000180025095e-35 164.50000000000003 171.50000000000003 1.0000000180025095e-35 1.0000000180025095e-35 148.50000000000003 214.50000000000003 241.50000000000003 264.50000000000006 58.500000000000007 1.0000000180025095e-35 1.0000000180025095e-35 1.0000000180025095e-35 142.50000000000003 146.50000000000003 70.250000000000014 155.50000000000003 48.500000000000007 0.55000000000000016 139.50000000000003 1.0000000180025095e-35
decision_type=2 2 2 2 2 2 2 2 2 2 2 2 2 2 2 2 2 2 2 2 2 2 2 2 2 2 2 2
left_child=-1 2 6 24 -5 16 7 8 11 -10 -11 12 -2 -8 -15 -16 -6 19 25 21 -21 22 -3 -23 -4 -19 -24 -27
right_child=1 17 3 4 5 -7 13 -9 9 10 -12 -13 -14 14 15 -17 -18 18 -20 20 -22 23 26 -25 -26 27 -28 -29
leaf_value=-0.050429331274190373 -0.013322421348511141 -0.024617615294985018 0.016705858280164989 -0.039853918258188098 -0.026523159091296974 0.046441383308141473 -0.063147288366676033 0.044874290363127504 -0.098216050780255401 0.02530016623663614 -0.052603972777397028 -0.026796096064805659 0.062218077128025212 0.043409638374720283 -0.080132298219189171 -0.010863623171843771 0.016455172267410046 0.026112486305498242 -0.019456330923167883 -0.0067081641921785369 0.091036368362925016 -0.043676609222923012 0.051574097203393822 0.0098995837076823467 0.068833814286215184 0.1011206575763961 0.023046794723701788 0.10451628949527039
leaf_weight=0.77962207782547821 1.8528315136209133 1.1326468028128114 1.1311400309205084 1.9736278972122798 2.256362363230437 1.5350774759426711 1.3129191392217752 1.8350764100905514 1.1084665828384457 1.9009568325709552 1.2436262281844392 2.3345824750140309 2.0532217207364738 1.4433948213700203 1.5002450349275021 2.712267656926997 2.8827480971813202 0.31894963607192106 0.3892293784301728 1.2573667687829586 0.8458926430903374 1.68946153158322 1.0921916752122345 1.3374170968309043 1.3075022373814134 0.22326635802164674 1.0887022176757453 0.38448823138605803
leaf_count=13 26 18 17 30 35 24 24 31 19 34 32 32 29 25 24 37 38 6 8 24 36 22 24 27 25 38 16 20
internal_value=3.9304e-05 0.00101945 -0.00276963 0.00803878 -0.00228675 0.00882225 -0.00897906 -0.000270993 -0.00816574 -0.0296715 -0.00550952 0.00649062 0.0263855 -0.0243848 -0.0153867 -0.035533 -0.00241476 0.0128158 0.0482682 0.00729056 0.0326029 -0.00110612 0.016157 -0.0200041 0.0446548 0.0767135 0.0373333 0.103269
internal_weight=40.9233 40.1437 30.384 11.0865 8.64782 6.67419 19.2976 12.3288 10.4937 4.25305 3.14458 6.24064 3.90605 6.96883 5.65591 4.21251 5.13911 9.75961 1.31593 8.44368 2.10326 6.34042 3.31354 3.02688 2.43864 0.926704 2.18089 0.607755
internal_count=734 721 482 169 127 97 313 203 172 85 66 87 55 110 86 61 73 239 72 167 60 107 58 49 42 64 40 58
is_linear=0
shrinkage=0.1


Tree=98
num_leaves=28
num_cat=0
split_feature=6 9 0 9 1 4 2 2 7 21 20 0 7 9 3 0 3 5 15 5 7 3 9 10 14 7 7
split_gain=0.142185 0.21452 0.227348 0.519587 0.768467 0.504577 0.429386 0.812671 0.545952 0.424421 0.363093 0.319045 0.271762 0.414605 0.327245 0.356476 0.218474 0.202286 0.506829 0.347852 0.328034 0.300714 0.367296 0.352076 0.284864 0.107698 0.0904556
threshold=1.0000000180025095e-35 49.150000000000006 52.500000000000007 66.15000000000002 1.0000000180025095e-35 1.0000000180025095e-35 153.50000000000003 149.50000000000003 0.95000000000000007 1.0000000180025095e-35 1.0000000180025095e-35 57.500000000000007 1.1500000000000001 63.250000000000007 261.50000000000006 47.500000000000007 253.50000000000003 151.50000000000003 1.0000000180025095e-35 132.50000000000003 0.35000000000000003 238.50000000000003 74.350000000000009 1.0000000180025095e-35 1.0000000180025095e-35 1.1500000000000001 0.55000000000000016
decision_type=2 2 2 2 2 2 2 2 2 2 2 2 2 2 2 2 2 2 2 2 2 2 2 2 2 2 2
left_child=1 -1 5 9 10 12 7 8 16 -4 -5 -8 13 -3 15 26 -6 18 25 -20 -19 22 -22 24 -23 -2 -15
right_child=17 2 3 4 6 -7 11 -9 -10 -11 -12 -13 -14 14 -16 -17 -18 20 19 -21 21 23 -24 -25 -26 -27 -28
leaf_value=0.045904367930057519 0.10774070143549519 0.049291554098484736 -0.080540709366673291 -0.003398388499942822 -0.022654422800778212 0.05980496715460687 -0.093017720772521864 0.06652291935862889 -0.054018516140035513 -0.0053837499969504946 0.062722350879123562 -0.025168764598696575 -0.027795707992302479 -0.013139142756839049 0.036502180991229045 -0.050044744654557022 0.027030562316190689 -0.039409044038149627 -0.067040120876877149 0.039724075322562398 0.02998143890826346 0.091674915105483368 -0.047066781498952548 -0.006495495578083931 0.016122292428262398 0.045252638788916014 0.023363807833045615
leaf_weight=0.86014389013871806 0.70519917376804919 1.8411359734600408 1.8086600545793798 1.3689442132599627 1.5551596995210277 1.5059126649284742 1.0753987172502095 1.3218214591033755 2.6709721013903618 1.2853588731959462 2.1114993945229799 1.9492859544698147 2.9633357878774405 1.3083930234424772 1.4625818243948741 1.971913401095662 2.0537775319535285 1.5001241248100994 0.56006153870839626 0.67054063768591732 1.1005192572483795 1.1462454375578093 1.4132446142612023 1.3933798479847612 0.88384717470034946 0.45297730364836752 1.4109071851707993
leaf_count=13 32 23 37 25 30 33 19 23 33 19 30 37 33 21 29 34 34 22 14 28 22 35 25 30 15 19 19
internal_value=4.08935e-05 -0.00332701 -0.00475448 -0.0122066 -0.00406705 0.00552961 -0.0174244 -0.00474458 -0.0197453 -0.049318 0.0367154 -0.0492918 -0.00192905 0.00765847 -0.0047976 -0.0176737 0.00562036 0.0105034 0.0358204 -0.00886557 0.00237191 0.0129284 -0.0133353 0.0322132 0.0587814 0.0833008 0.00580039
internal_weight=40.3513 30.5252 29.6651 17.2009 14.1069 12.4642 10.6264 7.60173 6.27991 3.09402 3.48044 3.02468 10.9583 7.99493 6.1538 4.69121 3.60894 9.82614 2.38878 1.2306 7.43736 5.93724 2.51376 3.42347 2.03009 1.15818 2.7193
internal_count=734 492 479 287 231 192 176 120 97 56 55 56 159 126 103 74 64 242 93 42 149 127 47 80 50 51 40
is_linear=0
shrinkage=0.1


Tree=99
num_leaves=29
num_cat=0
split_feature=3 3 2 9 3 0 18 2 9 3 6 3 8 3 7 2 2 7 7 3 7 3 2 2 5 20 7 2
split_gain=0.154125 0.14694 0.187514 0.579764 0.408844 0.401813 0.431959 0.212154 0.470776 0.315062 0.232 0.315861 0.378348 0.283114 0.255667 0.241028 0.353306 0.26494 0.217785 0.458428 0.351513 0.329229 0.678091 0.241032 0.253602 0.161775 0.0904697 0.0462293
threshold=151.00000000000003 176.50000000000003 130.50000000000003 82.750000000000014 191.50000000000003 47.500000000000007 1.0000000180025095e-35 136.50000000000003 72.550000000000011 207.50000000000003 1.0000000180025095e-35 220.50000000000003 1.5000000000000002 228.50000000000003 0.65000000000000002 143.50000000000003 147.50000000000003 1.0500000000000003 1.9500000000000002 239.50000000000003 1.2500000000000002 272.50000000000006 144.50000000000003 158.50000000000003 157.50000000000003 1.0000000180025095e-35 0.55000000000000016 152.50000000000003
decision_type=2 2 2 2 2 2 2 2 2 2 2 2 2 2 2 2 2 2 2 2 2 2 2 2 2 2 2 2
left_child=-1 -2 3 5 -4 -3 -7 8 -6 -9 11 -11 18 -12 -14 -15 -17 26 19 25 21 22 -21 24 -23 -13 -18 -24
right_child=1 2 4 -5 7 6 -8 9 -10 10 13 12 14 15 -16 16 17 -19 -20 20 -22 23 27 -25 -26 -27 -28 -29
leaf_value=-0.044549150096603811 0.038395691181981009 -0.023538092986161302 -0.057926113839369256 0.077502790940049901 -0.054345197231011916 -0.0098905429005013649 0.071310322053154573 0.047741157852378265 0.013393209675515397 -0.058183417657541252 0.077692531353189542 -0.06152008581419021 -0.067358625024833002 -0.023476446664105689 -0.0098479083702767423 0.090035778033381142 0.010351299397031119 -0.02728603076183523 0.042893112829442775 -0.01584172858057039 -0.027439482358666958 -0.018495679094541959 0.08024642635917352 -0.034086200179829239 0.043109476764369131 -0.01240492082325041 0.060992418686412135 0.054435955655352586
leaf_weight=0.7601511882385229 1.0187133726140007 3.0129667376168063 1.3164342588279421 1.2161808270029721 2.1528617911972132 1.3335032488685101 1.2877749914769083 1.4462306482018927 1.9601368280127642 1.07646619842854 0.69007510633673419 1.3059403680963468 1.3155092685483389 1.5348297307500613 1.8743844584096221 0.65814253035932813 0.66895536053925775 1.168124658783199 1.3393645104952145 1.493122853920793 2.0201354390010229 1.1765747009776535 1.429632490500808 1.4406779929995535 1.5465739715145899 1.3785315479617566 0.74637509137392044 1.3485166041646151
leaf_count=13 30 39 20 28 33 26 24 31 33 25 21 20 22 38 26 16 11 39 21 29 29 18 19 18 29 24 30 22
internal_value=4.63342e-05 0.000916513 -8.98798e-05 0.0148867 -0.00339011 0.00137074 0.0300016 -0.000978613 -0.022063 0.00240121 -0.000307038 -0.00559315 -0.00238913 0.0178198 -0.0335653 0.00916968 0.024627 0.00796387 0.0044793 0.000563684 0.0100284 0.0190016 0.0385077 -0.00100792 0.0164921 -0.0362984 0.0370569 0.067718
internal_weight=39.7169 38.9567 37.938 6.85043 31.0876 5.63424 2.62128 29.7712 4.113 25.6582 24.2119 18.7454 17.669 5.4665 3.18989 4.77643 3.2416 2.58346 14.4791 13.1397 10.4552 8.4351 4.27127 4.16383 2.72315 2.68447 1.41533 2.77815
internal_count=734 721 691 117 574 89 50 554 66 488 457 302 277 155 48 134 96 80 229 208 164 135 70 65 47 44 41 41
is_linear=0
shrinkage=0.1


end of trees

feature_importances:
weight=450
thalach=404
chol=381
trestbps=316
oldpeak=308
age=298
exang=85
ca=78
cp_3=76
smoking=54
slope_2=49
sex=47
restecg_2=45
diabetes=40
thal_3.0=40
slope_1=36
thal_2.0=35
cp_2=25
fbs=19
cp_1=13
AgeGroup=4

parameters:
[boosting: gbdt]
[objective: binary]
[metric: binary_logloss]
[tree_learner: serial]
[device_type: cpu]
[data_sample_strategy: bagging]
[data: ]
[valid: ]
[num_iterations: 100]
[learning_rate: 0.1]
[num_leaves: 31]
[num_threads: 4]
[seed: 42]
[deterministic: 0]
[force_col_wise: 0]
[force_row_wise: 0]
[histogram_pool_size: -1]
[max_depth: -1]
[min_data_in_leaf: 20]
[min_sum_hessian_in_leaf: 0.001]
[bagging_fraction: 1]
[pos_bagging_fraction: 1]
[neg_bagging_fraction: 1]
[bagging_freq: 0]
[bagging_seed: 400]
[bagging_by_query: 0]
[feature_fraction: 1]
[feature_fraction_bynode: 1]
[feature_fraction_seed: 30056]
[extra_trees: 0]
[extra_seed: 12879]
[early_stopping_round: 0]
[early_stopping_min_delta: 0]
[first_metric_only: 0]
[max_delta_step: 0]
[lambda_l1: 0]
[lambda_l2: 0]
[linear_lambda: 0]
[min_gain_to_split: 0]
[drop_rate: 0.1]
[max_drop: 50]
[skip_drop: 0.5]
[xgboost_dart_mode: 0]
[uniform_drop: 0]
[drop_seed: 17869]
[top_rate: 0.2]
[other_rate: 0.1]
[min_data_per_group: 100]
[max_cat_threshold: 32]
[cat_l2: 10]
[cat_smooth: 10]
[max_cat_to_onehot: 4]
[top_k: 20]
[monotone_constraints: ]
[monotone_constraints_method: basic]
[monotone_penalty: 0]
[feature_contri: ]
[forcedsplits_filename: ]
[refit_decay_rate: 0.9]
[cegb_tradeoff: 1]
[cegb_penalty_split: 0]
[cegb_penalty_feature_lazy: ]
[cegb_penalty_feature_coupled: ]
[path_smooth: 0]
[interaction_constraints: ]
[verbosity: -1]
[saved_feature_importance_type: 0]
[use_quantized_grad: 0]
[num_grad_quant_bins: 4]
[quant_train_renew_leaf: 0]
[stochastic_rounding: 1]
[linear_tree: 0]
[max_bin: 255]
[max_bin_by_feature: ]
[min_data_in_bin: 3]
[bin_construct_sample_cnt: 200000]
[data_random_seed: 175]
[is_enable_sparse: 1]
[enable_bundle: 1]
[use_missing: 1]
[zero_as_missing: 0]
[feature_pre_filter: 1]
[pre_partition: 0]
[two_round: 0]
[header: 0]
[label_column: ]
[weight_column: ]
[group_column: ]
[ignore_column: ]
[categorical_feature: ]
[forcedbins_filename: ]
[precise_float_parser: 0]
[parser_config_file: ]
[objective_seed: 16083]
[num_class: 1]
[is_unbalance: 0]
[scale_pos_weight: 1]
[sigmoid: 1]
[boost_from_average: 1]
[reg_sqrt: 0]
[alpha: 0.9]
[fair_c: 1]
[poisson_max_delta_step: 0.7]
[tweedie_variance_power: 1.5]
[lambdarank_truncation_level: 30]
[lambdarank_norm: 1]
[label_gain: ]
[lambdarank_position_bias_regularization: 0]
[eval_at: ]
[multi_error_top_k: 1]
[auc_mu_weights: ]
[num_machines: 1]
[local_listen_port: 12400]
[time_out: 120]
[machine_list_filename: ]
[machines: ]
[gpu_platform_id: -1]
[gpu_device_id: -1]
[gpu_use_dp: 0]
[num_gpu: 1]

end of parameters

pandas_categorical:[]
